Time(s),X(m),Y(m),Z(m),Vx(m/s),Vy(m/s),Vz(m/s),Alpha(rad),Beta(rad),Gamma(rad),V_alpha(rad/s),V_beta(rad/s),V_gamma(rad/s)
0.0,-0.038217,-0.981794,0.503251,0.0,0.0,0.0,-0.174533,0.087266,0.0,0.0,0.0,0.0
0.05,-0.038196,-0.981687,0.503028,0.000431,0.002141,-0.004458,-0.175945,0.087428,0.000101,-0.028131,0.003237,-0.000438
0.1,-0.038184,-0.98159,0.502968,0.000242,0.001936,-0.001202,-0.176237,0.087504,2.1e-05,-0.005812,0.001511,-0.002117
0.15,-0.038178,-0.981384,0.502946,0.000114,0.004127,-0.000445,-0.176175,0.087512,-0.000243,0.001237,0.000166,-0.005164
0.2,-0.038173,-0.981052,0.50291,9.9e-05,0.006647,-0.00071,-0.176107,0.087512,-0.000653,0.001354,4e-06,-0.00809
0.25,-0.038168,-0.980592,0.50286,0.000107,0.009183,-0.001013,-0.176068,0.087515,-0.001202,0.000771,6.2e-05,-0.010899
0.3,-0.038162,-0.980007,0.50279,0.000115,0.011698,-0.001394,-0.176045,0.087518,-0.00189,0.00046,6e-05,-0.013725
0.35,-0.038156,-0.979298,0.502696,0.000123,0.014191,-0.001884,-0.176027,0.087521,-0.002719,0.000349,4.9e-05,-0.016556
0.4,-0.038149,-0.978465,0.502574,0.000135,0.016655,-0.00244,-0.176004,0.087524,-0.003686,0.000469,7.5e-05,-0.019302
0.45,-0.038141,-0.97751,0.502422,0.00015,0.019099,-0.003035,-0.175969,0.08753,-0.004787,0.000684,0.000119,-0.021955
0.5,-0.038133,-0.976433,0.502239,0.000161,0.021537,-0.00365,-0.175933,0.087536,-0.006024,0.000724,0.000108,-0.024673
0.55,-0.038125,-0.975233,0.502029,0.000171,0.024002,-0.004209,-0.175916,0.08754,-0.007398,0.000331,9.7e-05,-0.027457
0.6,-0.038116,-0.973909,0.501795,0.000183,0.026474,-0.004677,-0.175912,0.087545,-0.008911,7.7e-05,9.4e-05,-0.030245
0.65,-0.038106,-0.972462,0.501539,0.000194,0.028941,-0.005118,-0.175913,0.08755,-0.010562,-1.7e-05,9.3e-05,-0.033028
0.7,-0.038091,-0.970893,0.501261,0.000308,0.03139,-0.005565,-0.175908,0.087541,-0.012239,0.000113,-0.000179,-0.03352
0.75,-0.038064,-0.969199,0.50096,0.000524,0.033886,-0.006011,-0.175928,0.087552,-0.013888,-0.000409,0.000214,-0.033018
0.8,-0.038035,-0.967381,0.500638,0.000589,0.036357,-0.00645,-0.175955,0.087564,-0.01563,-0.000549,0.000235,-0.034897
0.85,-0.038005,-0.965441,0.500294,0.000589,0.0388,-0.006888,-0.175968,0.087559,-0.017502,-0.000242,-0.0001,-0.037455
0.9,-0.037974,-0.963378,0.499927,0.000624,0.041264,-0.007325,-0.175981,0.087558,-0.019495,-0.000265,-2.7e-05,-0.039883
0.95,-0.037941,-0.961191,0.499539,0.000658,0.043727,-0.007762,-0.175995,0.087559,-0.021609,-0.000279,2.9e-05,-0.042316
1.0,-0.037896,-0.958885,0.499128,0.000917,0.04612,-0.008229,-0.175964,0.087556,-0.023965,0.000609,-5.1e-05,-0.047062
1.05,-0.03782,-0.956458,0.498692,0.001512,0.048544,-0.008713,-0.175926,0.087555,-0.026743,0.000771,-1.5e-05,-0.055497
1.1,-0.03772,-0.953906,0.498233,0.002006,0.051047,-0.009179,-0.17593,0.087575,-0.029888,-9e-05,0.000404,-0.062902
1.15,-0.03761,-0.95123,0.497752,0.002194,0.05352,-0.009626,-0.175945,0.087596,-0.03323,-0.000319,0.00041,-0.066863
1.2,-0.037495,-0.948431,0.497248,0.002294,0.055968,-0.010071,-0.175949,0.0876,-0.036737,-7.7e-05,7.4e-05,-0.070147
1.25,-0.037375,-0.94551,0.496723,0.002395,0.058426,-0.010514,-0.175951,0.087601,-0.0404,-4.5e-05,2.6e-05,-0.073267
1.3,-0.037251,-0.942466,0.496175,0.002496,0.060885,-0.010957,-0.175953,0.087601,-0.044218,-3.5e-05,2e-06,-0.076355
1.35,-0.037115,-0.939301,0.495604,0.002707,0.063301,-0.011411,-0.175934,0.087595,-0.048065,0.000382,-0.000113,-0.076907
1.4,-0.03696,-0.936007,0.495011,0.003101,0.06587,-0.011855,-0.176001,0.087608,-0.051826,-0.001351,0.000198,-0.075348
1.45,-0.036798,-0.932588,0.494396,0.003239,0.068382,-0.012301,-0.176087,0.087575,-0.05567,-0.001667,-0.000744,-0.077027
1.5,-0.03663,-0.929048,0.493758,0.003361,0.070795,-0.012759,-0.17613,0.087549,-0.059658,-0.000824,-0.000567,-0.079831
1.55,-0.036414,-0.9254,0.493093,0.004323,0.07296,-0.013306,-0.176017,0.087543,-0.064142,0.002239,1.7e-05,-0.089491
1.6,-0.036126,-0.921627,0.492402,0.005758,0.075473,-0.013819,-0.176025,0.087599,-0.069257,-0.000219,0.00111,-0.102308
1.65,-0.035812,-0.917728,0.491688,0.006284,0.077972,-0.014289,-0.176063,0.087604,-0.074699,-0.000767,3.8e-05,-0.1089
1.7,-0.035484,-0.913707,0.49095,0.006564,0.08043,-0.014746,-0.176102,0.087613,-0.080353,-0.00078,0.000128,-0.113145
1.75,-0.035144,-0.909566,0.49019,0.006793,0.08282,-0.01521,-0.176099,0.087614,-0.086157,5.3e-05,1.4e-05,-0.116083
1.8,-0.034782,-0.90531,0.489406,0.007236,0.085115,-0.015688,-0.176023,0.087603,-0.091884,0.001519,-7.5e-05,-0.114403
1.85,-0.034393,-0.900917,0.4886,0.007787,0.087848,-0.016109,-0.176159,0.087582,-0.097446,-0.002663,-0.000674,-0.111481
1.9,-0.033984,-0.896414,0.487769,0.008187,0.090079,-0.016617,-0.176152,0.087543,-0.103284,0.00022,-0.00077,-0.116758
1.95,-0.033493,-0.891804,0.48691,0.009817,0.092186,-0.017186,-0.176038,0.087566,-0.109722,0.00222,0.00071,-0.128555
2.0,-0.032915,-0.887067,0.486025,0.01156,0.094736,-0.017696,-0.176107,0.087626,-0.116856,-0.001508,0.001034,-0.142806
2.05,-0.03231,-0.882233,0.48512,0.012096,0.096689,-0.018102,-0.176158,0.08763,-0.12424,-0.00102,-3.6e-05,-0.147772
2.1,-0.031694,-0.877359,0.484205,0.012326,0.097475,-0.018309,-0.176121,0.087617,-0.131636,0.000767,-0.000161,-0.147839
2.15,-0.031058,-0.872478,0.483287,0.012712,0.097617,-0.018354,-0.1761,0.087627,-0.138726,0.000402,0.000245,-0.141762
2.2,-0.030413,-0.867584,0.48237,0.012908,0.097882,-0.018346,-0.176223,0.087555,-0.145544,-0.002237,-0.001769,-0.136593
2.25,-0.029721,-0.862713,0.481447,0.013838,0.097436,-0.018451,-0.176151,0.087542,-0.152686,0.001451,-3.9e-05,-0.142705
2.3,-0.028934,-0.857858,0.480519,0.01574,0.097094,-0.018554,-0.17608,0.087633,-0.160432,0.001116,0.002011,-0.154795
2.35,-0.028094,-0.852999,0.47959,0.016786,0.097179,-0.018584,-0.176163,0.087679,-0.168675,-0.001777,0.000648,-0.165006
2.4,-0.027244,-0.848145,0.478659,0.017001,0.097072,-0.018617,-0.176187,0.087667,-0.176985,-0.000428,-0.00032,-0.166245
2.45,-0.026384,-0.843305,0.477726,0.017216,0.096797,-0.01866,-0.176065,0.087652,-0.185122,0.002454,0.000139,-0.16252
2.5,-0.025498,-0.838449,0.476796,0.017709,0.097123,-0.018615,-0.176223,0.087667,-0.1928,-0.003147,-0.000297,-0.153837
2.55,-0.024621,-0.833601,0.475863,0.01754,0.09696,-0.018659,-0.176229,0.08755,-0.200549,0.000319,-0.002325,-0.154991
2.6,-0.023648,-0.828783,0.474924,0.019469,0.096369,-0.018772,-0.176133,0.087593,-0.208798,0.001712,0.001231,-0.164808
2.65,-0.022562,-0.823977,0.473982,0.021724,0.096123,-0.018843,-0.176198,0.087675,-0.217877,-0.00161,0.001346,-0.181702
2.7,-0.021453,-0.819179,0.473037,0.022171,0.095949,-0.01889,-0.176206,0.087643,-0.22707,-1.5e-05,-0.000675,-0.183881
2.75,-0.020337,-0.814383,0.472092,0.022325,0.095918,-0.018898,-0.176205,0.087645,-0.236295,8e-06,5.3e-05,-0.184488
2.8,-0.019201,-0.809595,0.471147,0.022706,0.095767,-0.018914,-0.176174,0.087681,-0.245181,0.00043,0.000841,-0.177659
2.85,-0.018061,-0.804801,0.470201,0.022812,0.095875,-0.018914,-0.176221,0.087591,-0.25383,-0.000474,-0.001965,-0.173064
2.9,-0.016866,-0.800026,0.469252,0.023888,0.095508,-0.018971,-0.176194,0.087616,-0.262657,0.000388,0.000613,-0.176491
2.95,-0.015561,-0.795287,0.4683,0.026108,0.094782,-0.019057,-0.17614,0.087714,-0.272163,0.000531,0.002168,-0.190026
3.0,-0.014181,-0.790559,0.467345,0.027595,0.094545,-0.019097,-0.1762,0.087702,-0.282259,-0.001077,-0.000549,-0.202028
3.05,-0.012782,-0.78584,0.466388,0.027977,0.094391,-0.019126,-0.176219,0.087656,-0.292413,-0.000102,-0.000992,-0.203126
3.1,-0.011369,-0.781133,0.465431,0.028268,0.094148,-0.019152,-0.176131,0.087722,-0.302465,0.001295,0.001763,-0.200868
3.15,-0.009935,-0.776417,0.464475,0.02869,0.094304,-0.01912,-0.176235,0.087751,-0.312048,-0.002149,-4.9e-05,-0.191848
3.2,-0.008503,-0.771708,0.463517,0.028622,0.094191,-0.01916,-0.176196,0.087705,-0.321664,0.001027,-0.00065,-0.192255
3.25,-0.006971,-0.767039,0.462555,0.030649,0.093374,-0.019229,-0.17612,0.087731,-0.331676,0.001268,0.000972,-0.200117
3.3,-0.005307,-0.762407,0.461592,0.033286,0.09264,-0.019262,-0.176184,0.08778,-0.342579,-0.001526,0.000519,-0.218172
3.35,-0.003601,-0.757792,0.460627,0.034119,0.09231,-0.019297,-0.176211,0.087751,-0.35367,-0.000321,-0.000727,-0.22185
3.4,-0.001883,-0.753182,0.459662,0.034345,0.092186,-0.019311,-0.17619,0.087756,-0.364826,0.000362,0.000237,-0.223098
3.45,-0.000145,-0.74858,0.458696,0.03476,0.092054,-0.01932,-0.176183,0.087819,-0.375616,-0.000325,0.001228,-0.215784
3.5,0.001601,-0.743976,0.45773,0.034928,0.092064,-0.019323,-0.176184,0.087789,-0.386165,0.000213,-0.000555,-0.210972
3.55,0.00339,-0.739393,0.456762,0.035776,0.09167,-0.019356,-0.176159,0.087784,-0.396865,0.000496,8.1e-05,-0.213957
3.6,0.005307,-0.734868,0.455793,0.038339,0.090493,-0.019384,-0.176121,0.087856,-0.408204,0.000138,0.001623,-0.226717
3.65,0.007324,-0.730382,0.454823,0.040353,0.089723,-0.019394,-0.176167,0.087813,-0.420249,-0.00049,-0.001146,-0.240989
3.7,0.009373,-0.725911,0.453853,0.040974,0.089423,-0.019402,-0.176149,0.08785,-0.432417,1.1e-05,0.000815,-0.243317
3.75,0.01143,-0.721446,0.452882,0.041135,0.089291,-0.019424,-0.1761,0.08789,-0.444515,0.000559,0.001129,-0.241878
3.8,0.013506,-0.716983,0.451912,0.041519,0.089263,-0.019405,-0.176157,0.087892,-0.45616,-0.001033,-0.00045,-0.233003
3.85,0.015588,-0.712521,0.450941,0.041655,0.089249,-0.019418,-0.17615,0.087882,-0.467706,0.0002,-0.000119,-0.230916
3.9,0.017769,-0.708118,0.449968,0.04361,0.08805,-0.019446,-0.176061,0.087905,-0.479657,0.001377,0.001222,-0.238845
3.95,0.020095,-0.703784,0.448999,0.046527,0.086675,-0.019391,-0.176125,0.087947,-0.492501,-0.001518,0.000144,-0.257
4.0,0.022485,-0.699487,0.448029,0.047789,0.085959,-0.019393,-0.176136,0.087945,-0.50567,-0.000164,-0.000127,-0.263396
4.05,0.02489,-0.695197,0.447059,0.048096,0.085783,-0.019403,-0.176109,0.087948,-0.518912,0.000423,0.000314,-0.2648
4.1,0.027313,-0.690917,0.446089,0.04847,0.085604,-0.019406,-0.176088,0.088007,-0.531836,-0.000203,0.001223,-0.258444
4.15,0.029748,-0.68664,0.445118,0.04869,0.085545,-0.019412,-0.176062,0.087983,-0.544478,0.000685,-0.000154,-0.252787
4.2,0.032217,-0.682381,0.444148,0.049384,0.085185,-0.019395,-0.176044,0.087982,-0.557133,0.000315,0.000167,-0.253075
4.25,0.03482,-0.678212,0.443181,0.052057,0.083379,-0.019348,-0.176012,0.088024,-0.570295,9.7e-05,0.001061,-0.263176
4.3,0.037557,-0.674124,0.442218,0.054741,0.081764,-0.019254,-0.176069,0.088046,-0.584056,-0.001184,-0.000245,-0.275319
4.35,0.040327,-0.670062,0.441256,0.055397,0.081236,-0.019253,-0.176046,0.088041,-0.597864,0.000438,0.000166,-0.276128
4.4,0.043105,-0.666005,0.440292,0.055576,0.081145,-0.019261,-0.176013,0.088059,-0.611687,0.000322,0.000665,-0.276398
4.45,0.045906,-0.661954,0.439331,0.056013,0.081005,-0.019238,-0.176051,0.088111,-0.625034,-0.001207,0.000431,-0.267014
4.5,0.048711,-0.657911,0.438367,0.05611,0.080877,-0.019261,-0.175979,0.088076,-0.638257,0.001579,0.000265,-0.264335
4.55,0.051608,-0.653932,0.437408,0.057938,0.079561,-0.019188,-0.175943,0.088107,-0.651511,0.000203,0.000922,-0.265001
4.6,0.054644,-0.650062,0.436456,0.060706,0.077409,-0.019035,-0.175969,0.088148,-0.665344,-0.000919,0.000343,-0.276721
4.65,0.057756,-0.646252,0.435509,0.06225,0.076209,-0.018943,-0.175983,0.088178,-0.679387,-0.000578,0.000293,-0.280885
4.7,0.060887,-0.642457,0.434562,0.062607,0.075892,-0.018942,-0.175959,0.088184,-0.693444,0.000283,0.000393,-0.281099
4.75,0.064028,-0.638676,0.433614,0.062828,0.075627,-0.018967,-0.175895,0.088156,-0.707245,0.001346,0.000396,-0.275905
4.8,0.067197,-0.634895,0.432668,0.063388,0.075603,-0.018917,-0.175948,0.088229,-0.720584,-0.001751,0.000416,-0.266877
4.85,0.07038,-0.63113,0.431722,0.063642,0.075308,-0.01891,-0.175932,0.088248,-0.733974,-1.9e-05,0.000496,-0.267768
4.9,0.073671,-0.627479,0.430783,0.06584,0.073023,-0.018789,-0.175868,0.088183,-0.747781,0.001826,-0.000105,-0.27602
4.95,0.077104,-0.623945,0.429857,0.068649,0.070686,-0.018525,-0.175903,0.088272,-0.762233,-0.001728,0.00082,-0.289112
5.0,0.080566,-0.620448,0.428932,0.069241,0.06994,-0.0185,-0.175849,0.088271,-0.776702,0.0008,0.000741,-0.289273
5.05,0.084036,-0.61695,0.428007,0.069395,0.069945,-0.018485,-0.175863,0.088292,-0.791203,-0.000498,9.9e-05,-0.290055
5.1,0.087525,-0.61347,0.427083,0.069785,0.069606,-0.018482,-0.175853,0.088318,-0.805224,-0.000227,0.000506,-0.280401
5.15,0.091028,-0.609992,0.42616,0.070058,0.069561,-0.018463,-0.175859,0.088332,-0.818993,-0.000289,0.00011,-0.275389
5.2,0.094594,-0.60659,0.425242,0.071333,0.068038,-0.018356,-0.175804,0.088342,-0.832785,0.000618,0.000934,-0.275736
5.25,0.098285,-0.603325,0.424339,0.073812,0.065303,-0.018068,-0.175829,0.088354,-0.846936,-0.000528,-0.000196,-0.28306
5.3,0.102058,-0.600156,0.423445,0.07546,0.063384,-0.017873,-0.175786,0.088383,-0.861281,0.000134,0.001017,-0.286829
5.35,0.10585,-0.597005,0.422554,0.075836,0.063011,-0.017832,-0.175775,0.088392,-0.875604,4e-06,0.000282,-0.286449
5.4,0.109646,-0.593869,0.421661,0.075918,0.062731,-0.017864,-0.175708,0.088333,-0.88978,0.001763,0.000277,-0.283401
5.45,0.113475,-0.590743,0.420771,0.076575,0.062512,-0.017797,-0.175732,0.08843,-0.903381,-0.001799,0.000841,-0.272055
5.5,0.117305,-0.587619,0.419881,0.076616,0.062476,-0.017789,-0.17573,0.088457,-0.916925,-0.000412,0.000363,-0.270879
5.55,0.121218,-0.584619,0.419002,0.078253,0.059999,-0.017579,-0.175709,0.088374,-0.930493,0.001575,-0.000668,-0.271315
5.6,0.125259,-0.581778,0.418144,0.080822,0.056832,-0.017163,-0.175685,0.088484,-0.944178,-0.001478,0.001696,-0.273671
5.65,0.129322,-0.57898,0.417289,0.081263,0.055944,-0.017099,-0.175642,0.088438,-0.957671,0.001245,0.000154,-0.269771
5.7,0.133397,-0.576187,0.416436,0.081491,0.055876,-0.017074,-0.175618,0.088486,-0.971191,-0.000501,0.000929,-0.270373
5.75,0.137485,-0.573406,0.415583,0.081756,0.055614,-0.01706,-0.175689,0.08849,-0.984232,-0.000868,-0.001105,-0.260932
5.8,0.141587,-0.570641,0.41473,0.08204,0.055305,-0.017042,-0.175636,0.088508,-0.99694,0.00028,0.001078,-0.254082
5.85,0.145725,-0.567935,0.413884,0.082778,0.05412,-0.01692,-0.175571,0.088522,-1.009574,0.000469,0.001234,-0.252557
5.9,0.149943,-0.565361,0.413055,0.084348,0.051476,-0.016582,-0.175623,0.088463,-1.022374,0.000441,-0.001503,-0.256099
5.95,0.154232,-0.562897,0.41224,0.085786,0.049282,-0.016301,-0.175535,0.088542,-1.035299,-0.000434,0.00232,-0.258335
6.0,0.158533,-0.560453,0.411428,0.086026,0.048873,-0.016236,-0.175532,0.088561,-1.048142,-0.000286,0.000238,-0.256866
6.05,0.162834,-0.558022,0.410615,0.086007,0.048617,-0.016266,-0.175522,0.088458,-1.06082,0.001883,-0.000843,-0.253539
6.1,0.167167,-0.55561,0.409807,0.086671,0.048237,-0.016161,-0.175567,0.088568,-1.072865,-0.002359,0.000289,-0.24097
6.15,0.1715,-0.553205,0.408999,0.086653,0.048109,-0.01617,-0.175517,0.088592,-1.084804,5.2e-05,0.001105,-0.238703
6.2,0.175881,-0.55091,0.408202,0.087616,0.045896,-0.015935,-0.175467,0.088507,-1.096703,0.001964,8.1e-05,-0.237873
6.25,0.180343,-0.548753,0.407428,0.089238,0.043153,-0.015482,-0.175525,0.088573,-1.108903,-0.001696,-0.000431,-0.244115
6.3,0.184831,-0.54666,0.40666,0.089775,0.041845,-0.015364,-0.1754,0.088612,-1.120941,0.000418,0.002587,-0.240538
6.35,0.189323,-0.544573,0.405893,0.089834,0.041745,-0.015338,-0.175383,0.088599,-1.132919,0.000376,0.00018,-0.23953
6.4,0.193825,-0.5425,0.405127,0.090037,0.041458,-0.015309,-0.17547,0.088562,-1.144442,-6.4e-05,-0.001882,-0.230604
6.45,0.198346,-0.540453,0.404364,0.090429,0.040951,-0.015262,-0.17536,0.088641,-1.155556,-0.000533,0.002658,-0.222091
6.5,0.202882,-0.538442,0.403607,0.090702,0.040221,-0.015151,-0.175344,0.088644,-1.166559,8.1e-05,0.000318,-0.220027
6.55,0.207461,-0.536552,0.402865,0.091581,0.037784,-0.014827,-0.175396,0.08854,-1.177602,0.001494,-0.001772,-0.220958
6.6,0.212092,-0.534765,0.402141,0.092634,0.035751,-0.014476,-0.175414,0.088621,-1.188876,-0.001628,0.000276,-0.225511
6.65,0.216733,-0.533013,0.40142,0.092812,0.035025,-0.014425,-0.175335,0.088634,-1.200002,0.000346,0.001561,-0.222389
6.7,0.221371,-0.531269,0.400698,0.092763,0.034885,-0.014438,-0.175326,0.088539,-1.210969,0.001828,-0.000512,-0.219309
6.75,0.226038,-0.529546,0.399983,0.093342,0.034472,-0.014306,-0.17543,0.088647,-1.221269,-0.002753,-0.001177,-0.206181
6.8,0.230705,-0.527842,0.399267,0.093344,0.034074,-0.014323,-0.175276,0.088686,-1.23143,0.000317,0.003154,-0.202962
6.85,0.235392,-0.526217,0.398561,0.093731,0.03249,-0.014108,-0.17526,0.088581,-1.241467,0.002098,-0.000399,-0.200713
6.9,0.240124,-0.524708,0.397877,0.094648,0.030187,-0.013692,-0.175367,0.088585,-1.25176,-0.000765,-0.002011,-0.206044
6.95,0.244877,-0.523259,0.3972,0.095057,0.028986,-0.013526,-0.175327,0.088628,-1.262063,-0.000572,0.001045,-0.205987
7.0,0.249633,-0.521824,0.396525,0.095106,0.028704,-0.013506,-0.175276,0.088636,-1.272293,0.000153,0.001002,-0.204511
7.05,0.254389,-0.52041,0.39585,0.095138,0.02827,-0.0135,-0.175264,0.088523,-1.282053,0.002236,-0.000437,-0.195173
7.1,0.259178,-0.519019,0.395183,0.095776,0.027823,-0.013348,-0.17528,0.088686,-1.291153,-0.00321,0.000634,-0.182033
7.15,0.263962,-0.517655,0.394517,0.095677,0.027275,-0.013325,-0.175205,0.088688,-1.300259,0.000362,0.001452,-0.181997
7.2,0.268762,-0.51639,0.393864,0.095996,0.025296,-0.013053,-0.175213,0.088542,-1.309384,0.00278,-0.000949,-0.182511
7.25,0.2736,-0.515214,0.39323,0.09676,0.023523,-0.012671,-0.175284,0.088629,-1.31877,-0.002053,-0.000912,-0.187849
7.3,0.278439,-0.514071,0.392599,0.096785,0.022866,-0.012627,-0.175237,0.088625,-1.328072,0.000318,0.000882,-0.185951
7.35,0.283278,-0.512938,0.391967,0.096768,0.022662,-0.012632,-0.175214,0.088554,-1.337214,0.001485,0.000117,-0.182795
7.4,0.288132,-0.511828,0.391341,0.097098,0.022205,-0.012528,-0.175268,0.088581,-1.345738,-0.000768,-0.00092,-0.170567
7.45,0.293001,-0.510738,0.390718,0.097362,0.021798,-0.012456,-0.175208,0.088689,-1.353864,-0.001854,0.001645,-0.16242
7.5,0.297865,-0.509707,0.390101,0.097292,0.020609,-0.012342,-0.175151,0.088578,-1.36198,0.002425,0.00062,-0.162231
7.55,0.30275,-0.50877,0.389501,0.097701,0.018754,-0.011999,-0.175212,0.088519,-1.370278,0.000896,-0.001428,-0.16606
7.6,0.307654,-0.50788,0.388912,0.098083,0.017782,-0.011784,-0.175231,0.088611,-1.378727,-0.001872,-1e-06,-0.169019
7.65,0.312556,-0.50701,0.388323,0.098042,0.017415,-0.011773,-0.175174,0.08862,-1.387124,3.6e-05,0.001149,-0.167838
7.7,0.317454,-0.506159,0.387734,0.097952,0.017021,-0.011782,-0.175141,0.088482,-1.395124,0.002826,0.00015,-0.159935
7.75,0.322381,-0.505328,0.387154,0.098547,0.016612,-0.011603,-0.175214,0.088646,-1.40242,-0.003472,-0.00086,-0.146042
7.8,0.327303,-0.504519,0.386574,0.09844,0.01619,-0.011601,-0.175128,0.088679,-1.40963,-0.000376,0.001802,-0.144061
7.85,0.332222,-0.503785,0.386004,0.098371,0.014677,-0.011409,-0.1751,0.088516,-1.41692,0.003317,1.9e-05,-0.145755
7.9,0.337163,-0.503127,0.385451,0.09882,0.013158,-0.011058,-0.175179,0.088553,-1.424461,-0.000974,-0.001441,-0.150959
7.95,0.342107,-0.502494,0.384901,0.098889,0.012661,-0.010986,-0.17517,0.088593,-1.432014,-0.000768,0.000299,-0.151039
8.0,0.347048,-0.50187,0.384351,0.098802,0.01247,-0.011001,-0.175151,0.088544,-1.439453,0.001028,0.000221,-0.148747
8.05,0.351993,-0.501271,0.383805,0.098916,0.011988,-0.010935,-0.17514,0.088494,-1.446365,0.001022,8.7e-05,-0.138223
8.1,0.356962,-0.500691,0.383265,0.099363,0.011598,-0.010796,-0.175136,0.08866,-1.452718,-0.003294,0.000504,-0.127052
8.15,0.361916,-0.500154,0.382727,0.09908,0.010747,-0.010755,-0.175055,0.088571,-1.459126,0.00196,0.001395,-0.128001
8.2,0.366872,-0.499686,0.382202,0.099138,0.009359,-0.010501,-0.175097,0.088463,-1.465684,0.002057,-0.001088,-0.131242
8.25,0.371843,-0.499258,0.381688,0.099421,0.008544,-0.01029,-0.175157,0.088525,-1.472434,-0.001364,-0.001042,-0.135111
8.3,0.376813,-0.498846,0.381174,0.0994,0.008242,-0.010261,-0.175147,0.088552,-1.47918,-0.000523,0.00025,-0.134894
8.35,0.381777,-0.498454,0.380661,0.099268,0.00785,-0.010269,-0.175099,0.088436,-1.485613,0.002413,0.000727,-0.12859
8.4,0.386759,-0.498081,0.380155,0.09965,0.007466,-0.010128,-0.175144,0.088524,-1.491458,-0.001832,-0.000737,-0.116962
8.45,0.391746,-0.49772,0.37965,0.099738,0.007204,-0.010092,-0.175087,0.088618,-1.497078,-0.001792,0.001273,-0.112309
8.5,0.396718,-0.497418,0.379151,0.099442,0.00605,-0.009975,-0.175039,0.08848,-1.502884,0.002821,0.000765,-0.116039
8.55,0.401698,-0.497179,0.378667,0.099592,0.004783,-0.009692,-0.175104,0.08845,-1.509014,0.000518,-0.001335,-0.122717
8.6,0.406682,-0.496957,0.378186,0.099673,0.004426,-0.009614,-0.175122,0.088474,-1.515219,-0.000509,-0.00034,-0.124127
8.65,0.411663,-0.496742,0.377705,0.099632,0.004311,-0.009612,-0.17512,0.088465,-1.5214,0.00018,3.1e-05,-0.123624
8.7,0.416647,-0.49655,0.377228,0.09967,0.003835,-0.009556,-0.175092,0.088428,-1.527116,0.000768,0.00052,-0.114261
8.75,0.421649,-0.496375,0.376756,0.100042,0.003499,-0.009427,-0.175121,0.088578,-1.532296,-0.003022,-0.000445,-0.103662
8.8,0.426637,-0.496232,0.376286,0.099769,0.002861,-0.009403,-0.175049,0.088528,-1.537557,0.001054,0.001405,-0.105081
8.85,0.431619,-0.496148,0.375826,0.099638,0.001674,-0.009203,-0.175037,0.088413,-1.543078,0.002322,0.000165,-0.110403
8.9,0.436608,-0.496102,0.375375,0.099779,0.000936,-0.009009,-0.175089,0.088432,-1.548898,-0.000414,-0.001035,-0.116499
8.95,0.441597,-0.496067,0.374927,0.099778,0.000686,-0.008968,-0.175096,0.088453,-1.55477,-0.000426,-0.000122,-0.117438
9.0,0.446582,-0.496049,0.374479,0.099696,0.000372,-0.008959,-0.175056,0.088387,-1.560428,0.001336,0.000771,-0.113103
9.05,0.451577,-0.496049,0.374036,0.099912,-5e-06,-0.008856,-0.175068,0.088433,-1.565613,-0.000925,-0.00023,-0.103718
9.1,0.456582,-0.496059,0.373597,0.100096,-0.000199,-0.008793,-0.175084,0.088556,-1.57052,-0.00247,-0.000296,-0.098163
9.15,0.461568,-0.496118,0.373161,0.099713,-0.001191,-0.008711,-0.175018,0.088439,-1.575691,0.002341,0.001296,-0.10331
9.2,0.466553,-0.496234,0.372737,0.099711,-0.002305,-0.008472,-0.175027,0.088388,-1.581287,0.001035,-0.000172,-0.111926
9.25,0.471543,-0.496365,0.372319,0.099784,-0.002624,-0.00838,-0.175063,0.088416,-1.587047,-0.00057,-0.00072,-0.11527
9.3,0.47653,-0.496503,0.3719,0.099752,-0.002753,-0.008367,-0.175064,0.088425,-1.59283,-0.00018,-1.6e-05,-0.115648
9.35,0.481517,-0.496662,0.371484,0.099742,-0.00319,-0.008321,-0.175031,0.08839,-1.598228,0.000694,0.000676,-0.107916
9.4,0.48652,-0.496839,0.371074,0.100059,-0.003539,-0.008197,-0.175052,0.088524,-1.60313,-0.002675,-0.000501,-0.098078
9.45,0.491513,-0.497041,0.370666,0.099864,-0.004029,-0.008168,-0.175003,0.088523,-1.608113,-1e-05,0.000973,-0.099568
9.5,0.496492,-0.497299,0.370266,0.099567,-0.005169,-0.007997,-0.174972,0.088396,-1.613638,0.002513,0.000712,-0.110451
9.55,0.501472,-0.4976,0.369877,0.099604,-0.006028,-0.00779,-0.174998,0.088376,-1.619707,0.000422,-0.000504,-0.121428
9.6,0.506453,-0.497912,0.36949,0.099621,-0.006225,-0.007739,-0.175023,0.088392,-1.625907,-0.000278,-0.000507,-0.124034
9.65,0.511431,-0.498238,0.369104,0.099557,-0.00652,-0.007719,-0.17499,0.088346,-1.631958,0.000865,0.000717,-0.120965
9.7,0.516418,-0.498582,0.368723,0.09974,-0.006877,-0.007619,-0.174997,0.088404,-1.637586,-0.001149,-0.000215,-0.112575
9.75,0.521414,-0.498939,0.368345,0.099917,-0.00715,-0.007547,-0.174978,0.088538,-1.642904,-0.002698,0.000189,-0.106316
9.8,0.526386,-0.499344,0.367972,0.099455,-0.008101,-0.007462,-0.174934,0.088434,-1.648704,0.002024,0.001032,-0.115933
9.85,0.531353,-0.499815,0.367613,0.099323,-0.009424,-0.007185,-0.174951,0.08838,-1.655312,0.001106,-0.000248,-0.132181
9.9,0.536321,-0.500314,0.367261,0.099372,-0.009969,-0.007034,-0.174975,0.088435,-1.662322,-0.001056,-0.000565,-0.140244
9.95,0.541286,-0.500821,0.36691,0.099307,-0.010147,-0.007016,-0.174954,0.088453,-1.669423,-0.000414,0.000376,-0.141986
10.0,0.546247,-0.501349,0.366561,0.099213,-0.010562,-0.006995,-0.174926,0.088372,-1.676157,0.001559,0.000714,-0.134638
10.05,0.551227,-0.501897,0.366219,0.099594,-0.010966,-0.006839,-0.174958,0.088518,-1.682368,-0.00283,-0.000937,-0.124263
10.1,0.556197,-0.502471,0.365878,0.099407,-0.011479,-0.006805,-0.17488,0.088534,-1.688615,-0.000497,0.001507,-0.124815
10.15,0.561144,-0.503112,0.365549,0.098931,-0.012814,-0.006595,-0.174883,0.088399,-1.695537,0.002684,0.000246,-0.138438
10.2,0.566089,-0.503818,0.365236,0.098902,-0.014118,-0.006256,-0.174927,0.088453,-1.703265,-0.000963,-0.000991,-0.154637
10.25,0.57103,-0.504543,0.364927,0.098827,-0.01451,-0.006186,-0.174887,0.0885,-1.711203,-0.001029,0.000656,-0.158696
10.3,0.575965,-0.505279,0.364616,0.098691,-0.01471,-0.006209,-0.174874,0.088428,-1.719002,0.001383,0.000468,-0.155949
10.35,0.580904,-0.50604,0.364311,0.098793,-0.015226,-0.006111,-0.174893,0.0884,-1.726245,0.000624,-0.000289,-0.1449
10.4,0.585861,-0.506827,0.364013,0.099127,-0.015741,-0.005959,-0.174824,0.088547,-1.733021,-0.00312,0.000903,-0.135391
10.45,0.590787,-0.507659,0.363719,0.098525,-0.016638,-0.005883,-0.174796,0.088425,-1.740261,0.00232,0.000932,-0.144752
10.5,0.595697,-0.508569,0.363442,0.098209,-0.018193,-0.005539,-0.174865,0.088369,-1.748311,0.001322,-0.001167,-0.161126
10.55,0.600605,-0.509523,0.363177,0.098153,-0.01908,-0.005298,-0.174873,0.088451,-1.756911,-0.001576,-0.000439,-0.172019
10.6,0.605507,-0.51049,0.362913,0.098043,-0.019341,-0.005271,-0.17481,0.088481,-1.765647,-0.000834,0.001126,-0.174601
10.65,0.610399,-0.511478,0.362649,0.097844,-0.019772,-0.005281,-0.174803,0.088345,-1.773938,0.002659,0.000657,-0.165815
10.7,0.615314,-0.512496,0.362396,0.098299,-0.020358,-0.005061,-0.174832,0.088509,-1.781531,-0.003097,-0.001224,-0.151903
10.75,0.62022,-0.51354,0.362145,0.098122,-0.020873,-0.005024,-0.174672,0.088538,-1.789078,-0.001236,0.002993,-0.150665
10.8,0.625088,-0.514653,0.361904,0.09736,-0.022256,-0.00481,-0.174718,0.088373,-1.797416,0.003424,-0.000175,-0.166844
10.85,0.629942,-0.515853,0.361687,0.097079,-0.024002,-0.004354,-0.174818,0.088423,-1.806757,-0.000527,-0.002175,-0.186988
10.9,0.634788,-0.517081,0.361474,0.096919,-0.024562,-0.004246,-0.174757,0.088453,-1.816406,-0.000882,0.00104,-0.192881
10.95,0.63963,-0.518316,0.361261,0.096828,-0.024697,-0.004257,-0.174759,0.088423,-1.825954,0.000607,0.000114,-0.190956
11.0,0.644471,-0.519582,0.361053,0.096822,-0.025331,-0.004161,-0.174767,0.088386,-1.834869,0.00075,2.4e-05,-0.178315
11.05,0.649326,-0.520886,0.360856,0.097106,-0.02608,-0.003951,-0.174593,0.088522,-1.843192,-0.003536,0.002645,-0.166155
11.1,0.654147,-0.522227,0.360661,0.096416,-0.026819,-0.003899,-0.174577,0.088408,-1.852025,0.002117,0.000915,-0.176618
11.15,0.658935,-0.52366,0.360486,0.095759,-0.028653,-0.003494,-0.174716,0.088336,-1.861737,0.002148,-0.002259,-0.194489
11.2,0.66371,-0.525159,0.36033,0.095492,-0.029984,-0.003127,-0.174696,0.088426,-1.872286,-0.001836,-0.000133,-0.210951
11.25,0.668474,-0.526677,0.360176,0.095296,-0.03035,-0.003082,-0.17462,0.088442,-1.882986,-0.000757,0.001347,-0.213859
11.3,0.673227,-0.528213,0.36002,0.095043,-0.030734,-0.003112,-0.174654,0.088286,-1.893228,0.00318,0.000326,-0.204904
11.35,0.678,-0.529788,0.359878,0.095468,-0.031501,-0.002838,-0.174655,0.088467,-1.902681,-0.003427,-0.00118,-0.189068
11.4,0.682763,-0.531386,0.359738,0.09527,-0.031956,-0.002807,-0.174428,0.088476,-1.912013,-0.001652,0.004217,-0.186244
11.45,0.687475,-0.533058,0.359609,0.094225,-0.033428,-0.002575,-0.174522,0.0883,-1.922191,0.003946,-0.000583,-0.203714
11.5,0.692151,-0.534842,0.359511,0.093524,-0.03569,-0.001963,-0.174645,0.088387,-1.933649,-0.000798,-0.002893,-0.229381
11.55,0.696809,-0.536666,0.359421,0.093166,-0.036473,-0.001807,-0.174547,0.088399,-1.945536,-0.000898,0.001738,-0.237566
11.6,0.701463,-0.538496,0.35933,0.093073,-0.036596,-0.001809,-0.174529,0.088381,-1.95734,0.000197,0.000462,-0.236053
11.65,0.706111,-0.540359,0.359244,0.092959,-0.037263,-0.001728,-0.174566,0.08833,-1.968418,0.001222,-0.000288,-0.221614
11.7,0.710765,-0.54227,0.35917,0.093085,-0.038218,-0.001478,-0.174335,0.088387,-1.97884,-0.002835,0.003787,-0.208038
11.75,0.71539,-0.54421,0.3591,0.092504,-0.038815,-0.0014,-0.174357,0.088354,-1.989678,0.000771,-0.000137,-0.216801
11.8,0.719952,-0.54626,0.359053,0.091231,-0.040993,-0.000936,-0.174552,0.088277,-2.001408,0.003003,-0.002928,-0.23494
11.85,0.724477,-0.548403,0.359033,0.090505,-0.04285,-0.000405,-0.174484,0.088344,-2.014289,-0.001789,0.000682,-0.257511
11.9,0.728984,-0.550567,0.359015,0.090148,-0.043289,-0.000346,-0.174431,0.088308,-2.027268,0.000199,0.001264,-0.259476
11.95,0.733481,-0.552748,0.358996,0.08993,-0.043616,-0.000386,-0.174519,0.088176,-2.039811,0.003136,-0.000426,-0.251024
12.0,0.737991,-0.554978,0.358993,0.090204,-0.044609,-6.6e-05,-0.174504,0.088361,-2.051448,-0.003431,-0.001388,-0.23271
12.05,0.742485,-0.557238,0.358992,0.089879,-0.045192,-1.2e-05,-0.174222,0.088293,-2.062904,-0.001388,0.00561,-0.228616
12.1,0.746918,-0.559563,0.359003,0.088663,-0.046506,0.000224,-0.174401,0.08817,-2.075007,0.003849,-0.001987,-0.242376
12.15,0.751286,-0.562015,0.359052,0.08736,-0.049041,0.000962,-0.174532,0.088296,-2.088298,-0.000951,-0.003508,-0.266061
12.2,0.755612,-0.564522,0.359112,0.086515,-0.050136,0.001214,-0.174353,0.088201,-2.102242,-0.000107,0.004045,-0.278566
12.25,0.759933,-0.567034,0.359173,0.086422,-0.050232,0.001209,-0.174357,0.088148,-2.116037,0.000951,0.000476,-0.275892
12.3,0.764244,-0.569582,0.359235,0.086209,-0.050973,0.001241,-0.174457,0.088094,-2.128968,0.001961,-0.001147,-0.258797
12.35,0.768553,-0.572195,0.359315,0.0862,-0.052263,0.001607,-0.174194,0.088165,-2.141013,-0.003982,0.003686,-0.240441
12.4,0.772835,-0.574826,0.359398,0.085633,-0.052615,0.001654,-0.174178,0.088174,-2.153371,-0.000322,0.000178,-0.247138
12.45,0.777027,-0.577562,0.359504,0.083837,-0.054721,0.002122,-0.174417,0.088127,-2.166421,0.003398,-0.003464,-0.261424
12.5,0.781154,-0.580399,0.359643,0.082534,-0.056737,0.002772,-0.174416,0.088206,-2.180734,-0.001319,-0.000862,-0.286256
12.55,0.785249,-0.583262,0.359786,0.081911,-0.057262,0.002863,-0.174301,0.088065,-2.1953,0.001002,0.00349,-0.29112
12.6,0.789339,-0.586138,0.359925,0.08179,-0.057527,0.002792,-0.174447,0.087998,-2.209293,0.002803,-0.001579,-0.280101
12.65,0.793428,-0.589074,0.360082,0.081776,-0.058702,0.003141,-0.174422,0.088195,-2.222185,-0.003472,-0.001946,-0.257801
12.7,0.797492,-0.592046,0.360246,0.081294,-0.059452,0.003276,-0.174106,0.088086,-2.2347,-0.002076,0.006322,-0.249749
12.75,0.80149,-0.595068,0.360419,0.079953,-0.06044,0.003458,-0.17427,0.088009,-2.247842,0.003209,-0.001622,-0.263119
12.8,0.805393,-0.598206,0.360627,0.078064,-0.062756,0.004153,-0.174482,0.088129,-2.262137,0.000774,-0.00479,-0.286281
12.85,0.809238,-0.601403,0.360853,0.076903,-0.063938,0.004534,-0.174345,0.088055,-2.277376,-0.000589,0.003039,-0.304538
12.9,0.813068,-0.604608,0.361081,0.076594,-0.064108,0.004544,-0.174278,0.087913,-2.292608,0.001281,0.002864,-0.30452
12.95,0.816884,-0.607847,0.361307,0.076326,-0.064773,0.004528,-0.174425,0.087889,-2.306836,0.002311,-0.001886,-0.284819
13.0,0.820684,-0.611159,0.361556,0.076002,-0.066236,0.004988,-0.174098,0.087921,-2.320041,-0.004855,0.004401,-0.263519
13.05,0.824466,-0.61447,0.361805,0.07563,-0.066221,0.004964,-0.174098,0.087964,-2.333482,-0.000623,-0.000577,-0.268817
13.1,0.82813,-0.617878,0.362076,0.073278,-0.068165,0.005421,-0.174354,0.08797,-2.347473,0.003435,-0.003765,-0.280278
13.15,0.831681,-0.621394,0.362386,0.071029,-0.070328,0.006213,-0.174282,0.087928,-2.362812,-0.000406,0.00161,-0.306657
13.2,0.835195,-0.624942,0.362702,0.070276,-0.070957,0.006309,-0.174233,0.087793,-2.378065,0.001204,0.002597,-0.304969
13.25,0.838707,-0.628498,0.363015,0.070243,-0.071108,0.006267,-0.174339,0.087805,-2.393082,0.001362,-0.001638,-0.300525
13.3,0.842198,-0.632103,0.363338,0.069822,-0.07211,0.006468,-0.174375,0.087929,-2.407022,-0.001175,-0.002303,-0.278863
13.35,0.845661,-0.635757,0.363677,0.069247,-0.073067,0.006765,-0.174098,0.087842,-2.420254,-0.002922,0.005,-0.264159
13.4,0.849056,-0.639443,0.364021,0.067917,-0.073725,0.006879,-0.174221,0.087838,-2.433754,0.001899,-0.00157,-0.270222
13.45,0.852337,-0.643221,0.364396,0.065617,-0.075564,0.007516,-0.174398,0.08797,-2.448006,0.000961,-0.004291,-0.285344
13.5,0.855534,-0.647057,0.364795,0.063924,-0.076711,0.007969,-0.174204,0.087765,-2.46304,-0.000349,0.005627,-0.30033
13.55,0.858716,-0.650903,0.365192,0.063645,-0.07692,0.007939,-0.174234,0.087677,-2.477761,0.001563,0.000997,-0.294475
13.6,0.861876,-0.654773,0.365586,0.063201,-0.077399,0.007874,-0.174441,0.08767,-2.491718,0.003341,-0.002448,-0.279511
13.65,0.865009,-0.658717,0.366007,0.062656,-0.078885,0.008435,-0.174141,0.08781,-2.504417,-0.006457,0.001406,-0.253453
13.7,0.86812,-0.662653,0.366425,0.062217,-0.078729,0.008358,-0.17408,0.087752,-2.517159,-0.000281,0.00164,-0.254729
13.75,0.871116,-0.666655,0.366859,0.059922,-0.080029,0.008673,-0.174296,0.087751,-2.530264,0.003497,-0.002492,-0.262475
13.8,0.873991,-0.670738,0.367327,0.057508,-0.081657,0.009361,-0.174355,0.08781,-2.544422,0.000293,-0.001641,-0.283273
13.85,0.876827,-0.67484,0.367803,0.05672,-0.082048,0.009513,-0.174274,0.087683,-2.558912,8.9e-05,0.003004,-0.289652
13.9,0.879654,-0.678947,0.368275,0.05654,-0.082146,0.009443,-0.174355,0.087644,-2.57309,0.00177,-0.000231,-0.283706
13.95,0.882452,-0.6831,0.368756,0.055961,-0.083053,0.009621,-0.174371,0.087777,-2.586069,-0.001165,-0.00242,-0.259599
14.0,0.885208,-0.687295,0.369253,0.055118,-0.083894,0.009953,-0.174123,0.087663,-2.598111,-0.002985,0.004546,-0.24042
14.05,0.88791,-0.691506,0.369753,0.054047,-0.08423,0.009995,-0.174159,0.087672,-2.610371,0.000521,-0.000528,-0.245256
14.1,0.890492,-0.695775,0.370273,0.051628,-0.085386,0.010401,-0.174391,0.08778,-2.623248,0.002898,-0.004199,-0.257947
14.15,0.89299,-0.700084,0.370816,0.049962,-0.08618,0.010849,-0.174359,0.087707,-2.637033,0.000163,0.001572,-0.275636
14.2,0.895465,-0.704401,0.371361,0.04951,-0.086333,0.010901,-0.174317,0.087573,-2.650919,0.000549,0.002761,-0.277657
14.25,0.89792,-0.708735,0.3719,0.049085,-0.086677,0.010792,-0.174488,0.087578,-2.664013,0.002958,-0.001694,-0.262181
14.3,0.900337,-0.713132,0.372464,0.048347,-0.087938,0.011282,-0.17425,0.08774,-2.675747,-0.005704,-0.000703,-0.23426
14.35,0.902724,-0.717526,0.373028,0.047745,-0.087878,0.011274,-0.174135,0.087543,-2.687173,-0.000262,0.004541,-0.228316
14.4,0.905018,-0.721952,0.373599,0.045874,-0.088526,0.011424,-0.174338,0.087591,-2.698942,0.0032,-0.00263,-0.235728
14.45,0.907187,-0.726437,0.374201,0.04338,-0.08969,0.01203,-0.174381,0.087709,-2.711585,-0.000219,-0.002491,-0.252937
14.5,0.909307,-0.730929,0.374808,0.042406,-0.089845,0.012141,-0.174374,0.08756,-2.72452,0.001116,0.002762,-0.258693
14.55,0.911423,-0.735423,0.375414,0.042309,-0.089894,0.012125,-0.174404,0.087497,-2.737367,0.001037,0.000907,-0.25699
14.6,0.913506,-0.739953,0.376023,0.041668,-0.090581,0.012175,-0.174452,0.087622,-2.749077,-0.000103,-0.002671,-0.234274
14.65,0.915533,-0.744527,0.376652,0.040533,-0.091485,0.012586,-0.174201,0.087493,-2.759525,-0.003625,0.004288,-0.208537
14.7,0.917525,-0.749103,0.377281,0.039845,-0.091527,0.012571,-0.174185,0.087524,-2.770087,-0.000526,-0.000444,-0.211205
14.75,0.919413,-0.753707,0.37792,0.037761,-0.092071,0.012785,-0.174378,0.087645,-2.781052,0.002712,-0.003653,-0.219646
14.8,0.92122,-0.758339,0.37858,0.036133,-0.092637,0.013201,-0.174384,0.087635,-2.792693,0.000176,0.000145,-0.232828
14.85,0.923003,-0.762972,0.379242,0.035659,-0.092661,0.013227,-0.174392,0.087541,-2.804467,0.000803,0.001714,-0.235483
14.9,0.924769,-0.767616,0.379899,0.035322,-0.092888,0.013151,-0.174497,0.087583,-2.815682,0.001688,-0.001492,-0.224481
14.95,0.926488,-0.772305,0.380573,0.034383,-0.093778,0.013481,-0.174307,0.087655,-2.825641,-0.004047,-0.000149,-0.198852
15.0,0.928173,-0.776999,0.381256,0.033711,-0.093889,0.013649,-0.174118,0.087479,-2.834964,-0.002489,0.004508,-0.186132
15.05,0.929791,-0.781696,0.381934,0.032357,-0.093936,0.013567,-0.174316,0.087497,-2.844573,0.00365,-0.001526,-0.192535
15.1,0.931313,-0.786426,0.382633,0.030435,-0.094607,0.013984,-0.17441,0.087686,-2.854829,0.00068,-0.004168,-0.205271
15.15,0.932783,-0.791165,0.383341,0.029409,-0.094776,0.014151,-0.174427,0.087579,-2.865423,0.000934,0.001956,-0.211922
15.2,0.934249,-0.795902,0.384048,0.029319,-0.094736,0.01414,-0.174461,0.087523,-2.876085,0.000954,0.000908,-0.213298
15.25,0.935683,-0.800662,0.384755,0.028671,-0.095206,0.014156,-0.174435,0.087583,-2.885843,-0.0008,-0.001035,-0.195105
15.3,0.937064,-0.805453,0.385482,0.027613,-0.095804,0.014535,-0.174194,0.087507,-2.89432,-0.004261,0.002682,-0.169129
15.35,0.938417,-0.810235,0.386205,0.02706,-0.095642,0.014449,-0.174199,0.087457,-2.902788,0.00033,0.000951,-0.169354
15.4,0.93969,-0.815026,0.38693,0.025471,-0.095819,0.014514,-0.174403,0.08755,-2.911656,0.003519,-0.002765,-0.177732
15.45,0.940894,-0.819837,0.387674,0.024074,-0.096228,0.014876,-0.174429,0.087629,-2.921117,0.000138,-0.001658,-0.18926
15.5,0.942072,-0.824648,0.38842,0.023565,-0.096227,0.01492,-0.174451,0.087552,-2.93074,0.000763,0.001408,-0.192496
15.55,0.94324,-0.829467,0.389164,0.023347,-0.096378,0.014868,-0.174473,0.087596,-2.940055,0.000247,-0.000955,-0.186344
15.6,0.944363,-0.83431,0.389916,0.022473,-0.096865,0.015055,-0.174354,0.087643,-2.94835,-0.002518,-0.000452,-0.165687
15.65,0.945448,-0.839161,0.390681,0.021691,-0.097001,0.01529,-0.17419,0.087468,-2.955869,-0.002522,0.004063,-0.150088
15.7,0.946485,-0.844002,0.391437,0.020753,-0.096839,0.015131,-0.174351,0.087438,-2.963624,0.003261,-7e-06,-0.155379
15.75,0.94745,-0.848861,0.392206,0.019298,-0.097166,0.015372,-0.174454,0.087585,-2.971955,0.001504,-0.003251,-0.166807
15.8,0.948377,-0.853728,0.392985,0.018528,-0.097348,0.015577,-0.174419,0.087621,-2.98065,-0.000814,-0.000599,-0.173832
15.85,0.949291,-0.858592,0.393763,0.018285,-0.097275,0.015566,-0.174433,0.087585,-2.989401,0.000387,0.000675,-0.175043
15.9,0.950173,-0.863466,0.39454,0.017641,-0.097483,0.01553,-0.174456,0.087556,-2.997497,0.000541,0.000501,-0.161964
15.95,0.951018,-0.868361,0.395331,0.016896,-0.0979,0.015835,-0.174289,0.087586,-3.004567,-0.00338,-0.000121,-0.141119
16.0,0.951833,-0.873249,0.396123,0.01631,-0.097749,0.015824,-0.174277,0.087488,-3.011452,3.4e-05,0.001975,-0.137663
16.05,0.952586,-0.878136,0.396912,0.015063,-0.097753,0.015791,-0.174436,0.087524,-3.018682,0.003045,-0.001125,-0.144886
16.1,0.953281,-0.883036,0.397716,0.013886,-0.097992,0.016083,-0.174445,0.087656,-3.02648,-0.000139,-0.002636,-0.155969
16.15,0.953951,-0.887935,0.398522,0.013404,-0.097984,0.016118,-0.174423,0.087604,-3.034487,-0.000332,0.001088,-0.160116
16.2,0.954612,-0.892834,0.399326,0.01323,-0.097982,0.016073,-0.174462,0.08762,-3.04229,0.000752,-0.000397,-0.156125
16.25,0.955233,-0.897748,0.400134,0.012402,-0.098269,0.016167,-0.174422,0.087581,-3.049279,-0.00072,0.000841,-0.139701
16.3,0.955824,-0.90267,0.400954,0.011828,-0.098444,0.016401,-0.174287,0.087534,-3.05553,-0.002594,0.001186,-0.124796
16.35,0.956376,-0.907582,0.401768,0.011048,-0.098238,0.016274,-0.174391,0.087497,-3.061856,0.002131,0.00057,-0.126692
16.4,0.956869,-0.912499,0.402589,0.00985,-0.098348,0.016421,-0.174461,0.087551,-3.06859,0.001294,-0.001184,-0.134799
16.45,0.957333,-0.91742,0.403419,0.009277,-0.098414,0.016607,-0.174441,0.087648,-3.075621,-0.000527,-0.001907,-0.140597
16.5,0.957781,-0.922338,0.404248,0.008959,-0.098364,0.016579,-0.174434,0.087587,-3.082778,-5.9e-05,0.001209,-0.143128
16.55,0.958203,-0.92726,0.405075,0.008457,-0.098435,0.016525,-0.174477,0.087549,-3.089406,0.000907,0.000719,-0.132625
16.6,0.958591,-0.932196,0.405911,0.007745,-0.098728,0.016727,-0.17436,0.08753,-3.095207,-0.002318,0.000494,-0.115825
16.65,0.958962,-0.93713,0.406752,0.007429,-0.098674,0.016811,-0.174296,0.087529,-3.100647,-0.001266,8.5e-05,-0.108675
16.7,0.959281,-0.942054,0.407587,0.006386,-0.098489,0.016712,-0.174431,0.08751,-3.106348,0.002695,0.000263,-0.114258
16.75,0.95955,-0.946984,0.408432,0.005374,-0.098591,0.016901,-0.174469,0.08757,-3.112535,0.000719,-0.001217,-0.123807
16.8,0.959808,-0.951913,0.409281,0.005154,-0.098594,0.016967,-0.174478,0.08763,-3.118833,0.000141,-0.001214,-0.125984
16.85,0.960055,-0.956843,0.410127,0.004949,-0.098591,0.016938,-0.174498,0.087641,-3.125053,0.000387,-0.000213,-0.124426
16.9,0.960267,-0.961779,0.410976,0.00424,-0.09872,0.016977,-0.174473,0.087558,-3.130652,-0.000458,0.001651,-0.111933
16.95,0.960455,-0.966723,0.411835,0.003759,-0.098874,0.017174,-0.174325,0.08753,-3.135593,-0.002955,0.000605,-0.098578
17.0,0.960618,-0.971655,0.412689,0.003262,-0.098651,0.017075,-0.174383,0.087544,-3.140598,0.001163,-0.000283,-0.100203
17.05,0.960728,-0.976587,0.413545,0.002186,-0.098631,0.017124,-0.174468,0.087512,3.137108,0.001686,0.000635,-0.109718
17.1,0.960811,-0.98152,0.414407,0.001671,-0.098658,0.01725,-0.174495,0.087544,3.131254,0.000538,-0.000654,-0.11714
17.15,0.960889,-0.986452,0.415271,0.001552,-0.09865,0.017278,-0.174507,0.087579,3.12532,0.000263,-0.000679,-0.118699
17.2,0.960944,-0.991387,0.416135,0.001099,-0.09869,0.017271,-0.174516,0.087532,3.119687,0.000149,0.000928,-0.11268
17.25,0.960971,-0.996327,0.417005,0.000553,-0.098803,0.017397,-0.174435,0.087496,3.114598,-0.001623,0.000698,-0.101626
17.3,0.960987,-1.001266,0.417879,0.00032,-0.098778,0.017489,-0.174352,0.087497,3.10988,-0.001657,-6.5e-05,-0.094217
17.35,0.960957,-1.006195,0.418748,-0.000604,-0.098581,0.017371,-0.174443,0.087496,3.104751,0.001825,7.8e-05,-0.102743
17.4,0.960872,-1.011123,0.419623,-0.001704,-0.098557,0.017497,-0.174505,0.087512,3.098961,0.001241,-0.000279,-0.115915
17.45,0.960778,-1.016048,0.420501,-0.001884,-0.098512,0.017578,-0.174547,0.087575,3.09298,0.000888,-0.001228,-0.119689
17.5,0.960677,-1.020974,0.42138,-0.002012,-0.098518,0.01757,-0.174576,0.0876,3.086987,0.000608,-0.00046,-0.119913
17.55,0.960543,-1.025907,0.422259,-0.002689,-0.098649,0.017581,-0.174546,0.087528,3.081421,-0.000691,0.001402,-0.111262
17.6,0.960379,-1.030843,0.423147,-0.003269,-0.098731,0.017757,-0.174419,0.087461,3.076361,-0.002592,0.001178,-0.100977
17.65,0.960196,-1.035771,0.424032,-0.003669,-0.098565,0.017695,-0.174426,0.087462,3.071218,0.000135,-7e-06,-0.102875
17.7,0.959961,-1.040694,0.424917,-0.004708,-0.098445,0.017711,-0.17449,0.087461,3.065499,0.001272,0.000108,-0.114489
17.75,0.959694,-1.04561,0.42581,-0.005328,-0.098323,0.017853,-0.17455,0.087535,3.059271,0.001293,-0.001388,-0.12467
17.8,0.95942,-1.050524,0.426704,-0.005488,-0.098288,0.017878,-0.174592,0.087603,3.052918,0.000948,-0.001275,-0.127123
17.85,0.959119,-1.055445,0.427595,-0.006005,-0.098416,0.017822,-0.174578,0.087543,3.046782,-0.000379,0.001158,-0.122705
17.9,0.958786,-1.060369,0.428493,-0.006678,-0.098473,0.017953,-0.174507,0.087467,3.041141,-0.001551,0.001385,-0.112697
17.95,0.958433,-1.065291,0.429397,-0.007051,-0.098442,0.018093,-0.174401,0.087406,3.035858,-0.002219,0.001005,-0.105463
18.0,0.958039,-1.070201,0.430295,-0.007882,-0.098197,0.017948,-0.174479,0.087431,3.030099,0.001595,-0.00034,-0.115329
18.05,0.957583,-1.075104,0.431198,-0.009111,-0.098065,0.01806,-0.174541,0.087467,3.023495,0.001302,-0.000576,-0.132191
18.1,0.957112,-1.080003,0.432106,-0.009433,-0.097982,0.018167,-0.174575,0.087543,3.016577,0.000855,-0.001438,-0.138406
18.15,0.956634,-1.084902,0.433014,-0.009555,-0.097974,0.018164,-0.174588,0.087589,3.009601,0.000365,-0.000875,-0.139541
18.2,0.956118,-1.089805,0.433921,-0.010328,-0.098059,0.018138,-0.17456,0.087509,3.003045,-0.000755,0.001518,-0.131072
18.25,0.955563,-1.094707,0.434839,-0.011083,-0.09805,0.018357,-0.17446,0.087403,2.997045,-0.002264,0.001826,-0.119838
18.3,0.954989,-1.099602,0.435754,-0.01148,-0.097892,0.018307,-0.174452,0.087382,2.990992,-0.000216,0.000385,-0.121032
18.35,0.954356,-1.104484,0.436667,-0.012674,-0.097656,0.01825,-0.174527,0.08741,2.984154,0.001548,-0.000325,-0.136889
18.4,0.953674,-1.109358,0.437589,-0.01363,-0.097464,0.018441,-0.174558,0.087497,2.976542,0.000885,-0.001623,-0.152307
18.45,0.952978,-1.114228,0.438513,-0.013918,-0.097411,0.018475,-0.174556,0.087525,2.968741,6.1e-05,-0.000562,-0.15602
18.5,0.952261,-1.119101,0.439432,-0.014345,-0.097449,0.01838,-0.174558,0.08748,2.961128,-0.000123,0.000891,-0.152262
18.55,0.951503,-1.123972,0.440357,-0.015171,-0.097431,0.018502,-0.17452,0.087417,2.954069,-0.000971,0.001117,-0.141099
18.6,0.950714,-1.128838,0.441293,-0.015772,-0.097317,0.018718,-0.174452,0.087333,2.947443,-0.001637,0.001395,-0.132411
18.65,0.949881,-1.133691,0.442218,-0.016654,-0.097052,0.018515,-0.174525,0.087364,2.940307,0.001552,-0.000339,-0.142847
18.7,0.948976,-1.138531,0.443149,-0.018095,-0.096806,0.018607,-0.174545,0.087435,2.932162,0.000666,-0.001309,-0.162929
18.75,0.948041,-1.14336,0.444088,-0.018703,-0.096574,0.018793,-0.174549,0.087515,2.923505,0.000418,-0.001534,-0.173144
18.8,0.947092,-1.148186,0.445026,-0.018991,-0.096534,0.018761,-0.174549,0.087454,2.914737,-0.000264,0.001193,-0.175366
18.85,0.946108,-1.153014,0.445958,-0.019672,-0.096557,0.018642,-0.174539,0.087416,2.906477,-0.000379,0.000679,-0.165187
18.9,0.945073,-1.157833,0.446905,-0.020702,-0.096386,0.018931,-0.174493,0.087316,2.898871,-0.001345,0.001744,-0.152039
18.95,0.944016,-1.162644,0.447852,-0.021134,-0.096219,0.01894,-0.174488,0.087302,2.891363,-0.000172,0.000236,-0.150156
19.0,0.942889,-1.167437,0.44879,-0.022545,-0.095861,0.018757,-0.174541,0.08736,2.88295,0.001314,-0.000856,-0.168353
19.05,0.941691,-1.17221,0.44974,-0.023959,-0.095447,0.018995,-0.174538,0.087448,2.873473,0.000387,-0.001726,-0.189519
19.1,0.940471,-1.176975,0.450692,-0.024409,-0.095301,0.019039,-0.174528,0.087404,2.863727,-0.000415,0.000812,-0.194911
19.15,0.939237,-1.181739,0.451638,-0.024675,-0.095291,0.018936,-0.174536,0.087383,2.854163,3.3e-05,0.00045,-0.191301
19.2,0.937953,-1.186497,0.452588,-0.025684,-0.09516,0.018999,-0.174521,0.087341,2.845289,-0.00053,0.000714,-0.177454
19.25,0.936626,-1.191243,0.453553,-0.026526,-0.094912,0.019301,-0.174502,0.087265,2.836917,-0.000794,0.001336,-0.167402
19.3,0.935252,-1.19606,0.454473,-0.027487,-0.096341,0.018388,-0.17309,0.087338,2.828181,-0.026416,-0.009823,-0.172258
19.35,0.933789,-1.200716,0.455444,-0.029264,-0.09312,0.019419,-0.173823,0.087339,2.818273,0.013914,0.00448,-0.199444
19.4,0.932289,-1.20537,0.456416,-0.029997,-0.093081,0.019449,-0.174201,0.087507,2.807567,0.008194,-0.000791,-0.214772
19.45,0.930764,-1.210025,0.457382,-0.030502,-0.093095,0.019325,-0.174495,0.087407,2.7967,0.004895,0.003816,-0.217864
19.5,0.929204,-1.214695,0.458338,-0.031204,-0.093408,0.019107,-0.174537,0.087343,2.78643,0.000357,0.001474,-0.205468
19.55,0.927585,-1.219354,0.459308,-0.032379,-0.093169,0.019413,-0.17448,0.08725,2.776974,-0.001712,0.001355,-0.189019
19.6,0.925947,-1.223997,0.460277,-0.032759,-0.092873,0.019376,-0.17454,0.087257,2.767696,0.001165,0.000283,-0.185664
19.65,0.924225,-1.228615,0.461237,-0.034432,-0.092355,0.019191,-0.174529,0.087319,2.757532,0.000241,-0.001238,-0.203258
19.7,0.922407,-1.233188,0.462208,-0.036371,-0.091464,0.01942,-0.174505,0.087382,2.746051,3.3e-05,-0.001344,-0.229589
19.75,0.920549,-1.237743,0.463178,-0.037143,-0.091095,0.019414,-0.174566,0.087162,2.734095,-0.000584,0.004532,-0.239232
19.8,0.918701,-1.242301,0.464146,-0.036967,-0.09115,0.019357,-0.174536,0.087276,2.722258,0.000356,-0.002318,-0.236688
19.85,0.916792,-1.246845,0.465113,-0.038184,-0.090899,0.019325,-0.174517,0.08725,2.711411,-0.000541,0.000308,-0.216894
19.9,0.914836,-1.251371,0.466086,-0.039126,-0.090518,0.019477,-0.174458,0.087373,2.701298,-6.2e-05,-0.002722,-0.202167
19.95,0.912819,-1.255868,0.467058,-0.040338,-0.089934,0.019424,-0.174495,0.08729,2.690759,-2.6e-05,0.001828,-0.210846
20.0,0.910708,-1.260322,0.468025,-0.042219,-0.089068,0.019352,-0.174517,0.08733,2.679108,0.000746,-0.000544,-0.233044
20.05,0.908534,-1.264738,0.469007,-0.043481,-0.088327,0.019631,-0.174502,0.087336,2.666498,-0.000211,-0.000239,-0.252177
20.1,0.906254,-1.269111,0.469933,-0.045602,-0.08747,0.018531,-0.174856,0.085838,2.652927,-0.007443,0.02987,-0.272024
20.15,0.904089,-1.273515,0.470926,-0.043286,-0.088078,0.019852,-0.174702,0.086752,2.640516,0.005873,-0.017586,-0.247962
20.2,0.901815,-1.277892,0.471916,-0.045476,-0.087527,0.019797,-0.174566,0.08695,2.629195,-0.000478,-0.004766,-0.22619
20.25,0.899641,-1.28219,0.472789,-0.043492,-0.085973,0.017459,-0.175445,0.089529,2.618837,0.040549,-0.036369,-0.208671
20.3,0.897185,-1.286514,0.473807,-0.04911,-0.086467,0.020364,-0.174974,0.088614,2.607201,-0.017266,0.011168,-0.231866
20.35,0.894619,-1.290775,0.474814,-0.051329,-0.085234,0.020137,-0.174484,0.087772,2.594047,-0.016972,0.009513,-0.262228
20.4,0.892055,-1.294993,0.475805,-0.051279,-0.084347,0.01983,-0.174499,0.087327,2.58047,-0.004388,0.007759,-0.271563
20.45,0.889542,-1.299225,0.476524,-0.050268,-0.084641,0.014377,-0.17399,0.086848,2.567335,-0.013677,0.002716,-0.261807
20.5,0.886953,-1.303406,0.477654,-0.051772,-0.08363,0.022606,-0.173734,0.08664,2.55493,-0.006536,0.000719,-0.247664
20.55,0.884282,-1.307504,0.47869,-0.053414,-0.081963,0.020713,-0.174176,0.086868,2.542893,0.009861,0.001073,-0.241491
20.6,0.881594,-1.311601,0.479662,-0.05377,-0.081936,0.019441,-0.174504,0.087353,2.530768,0.010862,-0.004322,-0.243076
20.65,0.878773,-1.315658,0.480621,-0.056406,-0.081137,0.019179,-0.174523,0.087277,2.517634,-0.000574,0.001464,-0.262714
20.7,0.875886,-1.319656,0.481593,-0.057742,-0.07996,0.019432,-0.174545,0.08726,2.503391,0.000168,0.000521,-0.284905
20.75,0.873048,-1.323668,0.482532,-0.056763,-0.080249,0.01878,-0.174175,0.088294,2.488748,0.006393,-0.020997,-0.292193
20.8,0.87007,-1.327618,0.483495,-0.059572,-0.078999,0.019268,-0.174465,0.087489,2.474536,-0.005188,0.0163,-0.284756
20.85,0.867057,-1.331544,0.484468,-0.060247,-0.078512,0.019464,-0.174484,0.087206,2.461497,-0.003204,0.004682,-0.260804
20.9,0.864118,-1.335343,0.485384,-0.058788,-0.075988,0.018311,-0.17625,0.088806,2.448792,0.047467,-0.002759,-0.257212
20.95,0.8609,-1.339312,0.486365,-0.064354,-0.079369,0.019633,-0.174131,0.087094,2.435153,-0.054332,-0.000623,-0.269052
21.0,0.857679,-1.343039,0.487323,-0.064415,-0.074547,0.019155,-0.174393,0.087122,2.420665,0.00432,0.002974,-0.290223
21.05,0.854433,-1.346704,0.487904,-0.064919,-0.073296,0.011623,-0.174681,0.087451,2.406133,0.008667,-0.001169,-0.291134
21.1,0.851147,-1.350316,0.489089,-0.065728,-0.072237,0.023697,-0.174693,0.087513,2.39206,0.001002,-0.000747,-0.281496
21.15,0.847821,-1.353966,0.490096,-0.066524,-0.073008,0.020137,-0.17457,0.087396,2.378106,-0.003389,3.5e-05,-0.278856
21.2,0.844432,-1.357569,0.491071,-0.067777,-0.072048,0.019501,-0.174452,0.087388,2.364873,-0.001798,-0.001511,-0.264457
21.25,0.840997,-1.361128,0.492005,-0.068706,-0.071183,0.01867,-0.174545,0.087259,2.35186,-0.000501,0.00315,-0.260426
21.3,0.837441,-1.36468,0.492897,-0.07112,-0.071047,0.017858,-0.173465,0.086563,2.337878,-0.025034,-0.005496,-0.277758
21.35,0.83387,-1.368044,0.493844,-0.071413,-0.067269,0.018924,-0.174078,0.086692,2.323293,0.010334,0.007,-0.292767
21.4,0.830295,-1.371375,0.494761,-0.071511,-0.066635,0.018339,-0.174656,0.087264,2.308869,0.016229,0.000586,-0.28948
21.45,0.826669,-1.374746,0.495673,-0.072518,-0.067406,0.018256,-0.174549,0.087188,2.294199,-0.002564,-0.000541,-0.293217
21.5,0.822989,-1.378049,0.496587,-0.073588,-0.066074,0.018264,-0.174676,0.087198,2.280703,0.001824,0.00176,-0.270151
21.55,0.819262,-1.381284,0.497121,-0.074536,-0.064696,0.010686,-0.174734,0.087122,2.268524,-0.000402,0.001866,-0.243678
21.6,0.815459,-1.384393,0.498249,-0.076076,-0.062179,0.022562,-0.174831,0.086783,2.255575,-0.003958,0.005835,-0.259149
21.65,0.811592,-1.387512,0.499216,-0.077335,-0.062369,0.019338,-0.174415,0.086579,2.241261,-0.008398,-0.003837,-0.28556
21.7,0.807698,-1.390562,0.500136,-0.077879,-0.060998,0.0184,-0.174331,0.086574,2.226534,-0.001114,-0.00125,-0.294385
21.75,0.803813,-1.393576,0.501024,-0.077691,-0.060292,0.017767,-0.174428,0.087041,2.212068,0.008585,-0.004159,-0.289482
21.8,0.79988,-1.396559,0.501896,-0.078668,-0.05965,0.017427,-0.174648,0.087216,2.198246,0.005428,0.001414,-0.27684
21.85,0.795972,-1.399487,0.502747,-0.078162,-0.058559,0.017022,-0.17479,0.08858,2.185639,0.023746,-0.01373,-0.252371
21.9,0.791863,-1.402396,0.503645,-0.082169,-0.058197,0.017958,-0.174447,0.087128,2.172676,-0.027681,0.011165,-0.258644
21.95,0.787786,-1.405196,0.504494,-0.081554,-0.055994,0.016992,-0.174646,0.087225,2.15952,0.003861,0.002178,-0.263466
22.0,0.783623,-1.407907,0.505347,-0.083253,-0.054225,0.017057,-0.174467,0.087114,2.145355,-0.003842,-0.001733,-0.283
22.05,0.779454,-1.410571,0.506187,-0.083388,-0.053268,0.0168,-0.174449,0.087195,2.131451,0.00117,-0.001189,-0.278045
22.1,0.775265,-1.413217,0.507025,-0.083779,-0.052925,0.01675,-0.174525,0.087133,2.117622,-0.000243,0.001945,-0.276707
22.15,0.771047,-1.415814,0.507857,-0.084352,-0.051934,0.016641,-0.174719,0.087139,2.104665,0.002113,0.003227,-0.259487
22.2,0.766937,-1.418346,0.508602,-0.082193,-0.05065,0.014912,-0.175024,0.089561,2.093112,0.04479,-0.019415,-0.231564
22.25,0.762563,-1.420859,0.509463,-0.087486,-0.050264,0.017206,-0.17462,0.088024,2.080498,-0.030661,0.008378,-0.251568
22.3,0.758163,-1.42325,0.510293,-0.087996,-0.047804,0.016599,-0.174517,0.087273,2.067468,-0.014115,0.005529,-0.260408
22.35,0.753758,-1.425573,0.511112,-0.088113,-0.046463,0.016394,-0.174462,0.086928,2.054053,-0.006583,0.002316,-0.268206
22.4,0.749377,-1.427861,0.511908,-0.087606,-0.045764,0.015925,-0.174496,0.087142,2.041121,0.004098,-0.001386,-0.258697
22.45,0.74497,-1.430123,0.512693,-0.088153,-0.045241,0.015682,-0.174647,0.087217,2.028522,0.002715,0.002014,-0.252252
22.5,0.740525,-1.432332,0.513482,-0.088903,-0.044176,0.015796,-0.174621,0.087173,2.017146,-0.001023,-8.8e-05,-0.227464
22.55,0.736084,-1.434464,0.513989,-0.08881,-0.042647,0.010123,-0.174534,0.087189,2.006232,-0.000471,-0.001698,-0.218131
22.6,0.731524,-1.436493,0.514928,-0.091197,-0.040579,0.018787,-0.174529,0.086428,1.994329,-0.013829,0.006327,-0.238062
22.65,0.726971,-1.438476,0.515736,-0.091068,-0.039652,0.016167,-0.174567,0.086302,1.981839,-0.001981,0.001726,-0.249864
22.7,0.722426,-1.440435,0.516508,-0.090896,-0.039178,0.01543,-0.174423,0.08652,1.969599,0.002847,-0.00437,-0.244547
22.75,0.71788,-1.442367,0.517257,-0.090921,-0.038648,0.014988,-0.174468,0.086845,1.957707,0.006335,-0.0017,-0.237914
22.8,0.713302,-1.444248,0.517996,-0.09155,-0.03761,0.014773,-0.174739,0.087021,1.946533,0.005296,0.003681,-0.223948
22.85,0.708709,-1.446089,0.518737,-0.091871,-0.036833,0.014827,-0.174544,0.087196,1.93684,0.001839,-0.004906,-0.193527
22.9,0.704085,-1.447872,0.51946,-0.092479,-0.035648,0.014457,-0.174616,0.087227,1.926917,0.001076,0.001113,-0.198588
22.95,0.699408,-1.449567,0.520168,-0.093547,-0.033902,0.014156,-0.174794,0.087123,1.916125,-0.000711,0.004056,-0.216149
23.0,0.694709,-1.451215,0.520878,-0.093977,-0.032956,0.014201,-0.174625,0.087003,1.904835,-0.003386,-0.002351,-0.2255
23.05,0.690014,-1.452834,0.521582,-0.093884,-0.032389,0.01409,-0.174506,0.087004,1.893833,-0.000773,-0.002252,-0.219834
23.1,0.685312,-1.454417,0.522273,-0.094047,-0.031666,0.01382,-0.174679,0.087094,1.883183,0.002802,0.002707,-0.213303
23.15,0.680589,-1.455949,0.522966,-0.094462,-0.030629,0.013858,-0.17483,0.087081,1.87355,0.000683,0.002927,-0.192927
23.2,0.675876,-1.457471,0.52366,-0.094256,-0.030436,0.013885,-0.174473,0.087271,1.864969,0.001506,-0.007921,-0.170994
23.25,0.671116,-1.458897,0.524326,-0.095208,-0.028521,0.013306,-0.174641,0.087219,1.855718,-3.3e-05,0.003504,-0.185308
23.3,0.666315,-1.460235,0.524988,-0.096022,-0.026762,0.01325,-0.174765,0.087044,1.845546,-0.002663,0.003358,-0.203667
23.35,0.661517,-1.461555,0.525649,-0.095952,-0.026401,0.013223,-0.174627,0.086973,1.835388,-0.002116,-0.002266,-0.202924
23.4,0.656722,-1.46286,0.526307,-0.095906,-0.026102,0.013143,-0.174549,0.086957,1.825388,-0.000698,-0.001401,-0.19985
23.45,0.65192,-1.464114,0.52695,-0.096042,-0.02508,0.012879,-0.174764,0.087061,1.816072,0.003096,0.003621,-0.186702
23.5,0.647112,-1.465324,0.527597,-0.096152,-0.024212,0.012938,-0.174717,0.087153,1.808058,0.001542,-0.001358,-0.160202
23.55,0.64229,-1.466499,0.528232,-0.096447,-0.023485,0.012698,-0.17469,0.087189,1.800088,0.000568,-0.000701,-0.159338
23.6,0.637432,-1.467596,0.528851,-0.097157,-0.021936,0.012365,-0.174838,0.087117,1.791341,-0.000724,0.003212,-0.175215
23.65,0.632557,-1.46864,0.529468,-0.09749,-0.020884,0.012357,-0.174803,0.086992,1.782107,-0.002588,-0.000139,-0.184602
23.7,0.627688,-1.469669,0.530084,-0.097387,-0.020595,0.012308,-0.174687,0.086945,1.772957,-0.001399,-0.002063,-0.182817
23.75,0.622819,-1.470671,0.530689,-0.097388,-0.020028,0.0121,-0.17477,0.087005,1.764161,0.0015,0.001376,-0.176047
23.8,0.617939,-1.471623,0.531292,-0.097584,-0.019042,0.012058,-0.174953,0.087032,1.756183,0.001222,0.003477,-0.159886
23.85,0.613069,-1.472558,0.531895,-0.097414,-0.0187,0.012071,-0.174786,0.087134,1.749138,0.001411,-0.003649,-0.140604
23.9,0.608174,-1.473434,0.53248,-0.097901,-0.017516,0.011692,-0.174799,0.087161,1.741703,0.00056,0.000151,-0.148721
23.95,0.60325,-1.474232,0.533055,-0.09848,-0.015962,0.01151,-0.174896,0.087047,1.733566,-0.001912,0.002303,-0.162906
24.0,0.598326,-1.475006,0.533631,-0.098479,-0.015488,0.01151,-0.174838,0.08695,1.725317,-0.002095,-0.000825,-0.164888
24.05,0.593407,-1.475774,0.534204,-0.098384,-0.015359,0.01146,-0.174751,0.086925,1.717087,-0.000763,-0.001639,-0.16444
24.1,0.588487,-1.476504,0.534766,-0.098394,-0.014585,0.011242,-0.174848,0.087008,1.709473,0.001919,0.001679,-0.152462
24.15,0.583568,-1.477185,0.535328,-0.098386,-0.013622,0.011231,-0.174916,0.087079,1.702889,0.001603,0.00114,-0.131789
24.2,0.578644,-1.477847,0.535883,-0.098461,-0.013254,0.0111,-0.174845,0.08713,1.696513,0.000812,-0.001531,-0.127393
24.25,0.573698,-1.47845,0.536423,-0.09892,-0.012059,0.010811,-0.174885,0.087104,1.689529,-0.000409,0.00085,-0.139757
24.3,0.568738,-1.478996,0.53696,-0.09921,-0.010921,0.010731,-0.174936,0.086989,1.682095,-0.002168,0.001276,-0.148772
24.35,0.563781,-1.479534,0.537495,-0.099133,-0.010743,0.010713,-0.174885,0.086931,1.674589,-0.00126,-0.000873,-0.150032
24.4,0.558828,-1.480056,0.538025,-0.099067,-0.010447,0.010594,-0.174895,0.086958,1.667301,0.000558,0.000131,-0.145771
24.45,0.553872,-1.480536,0.538552,-0.099113,-0.009607,0.010531,-0.175025,0.086986,1.6607,0.000807,0.002533,-0.132248
24.5,0.548925,-1.480994,0.539077,-0.098942,-0.009163,0.010503,-0.174944,0.087046,1.654907,0.00105,-0.001714,-0.115718
24.55,0.543968,-1.481414,0.539587,-0.099151,-0.008389,0.010215,-0.174882,0.087111,1.648874,0.001191,-0.001345,-0.120561
24.6,0.538989,-1.481765,0.540089,-0.099579,-0.007018,0.010037,-0.174965,0.087025,1.642257,-0.001579,0.001773,-0.132474
24.65,0.534007,-1.482087,0.54059,-0.099624,-0.006441,0.010006,-0.174949,0.086925,1.635468,-0.002019,-0.000173,-0.135748
24.7,0.52903,-1.482402,0.541088,-0.099552,-0.006312,0.009976,-0.174912,0.086878,1.628636,-0.000999,-0.000675,-0.136592
24.75,0.524058,-1.482697,0.541579,-0.099433,-0.005886,0.009803,-0.174908,0.086962,1.622224,0.001682,-0.000167,-0.128233
24.8,0.519086,-1.482944,0.542067,-0.09945,-0.004942,0.009768,-0.175033,0.086999,1.616582,0.000859,0.00245,-0.113056
24.85,0.514117,-1.483178,0.542551,-0.099373,-0.004686,0.009688,-0.17498,0.087053,1.611267,0.001038,-0.00111,-0.106208
24.9,0.509136,-1.48337,0.543024,-0.099618,-0.003832,0.009451,-0.174947,0.087055,1.605603,1e-05,-0.000652,-0.113225
24.95,0.504144,-1.483505,0.543491,-0.099843,-0.002698,0.009351,-0.174992,0.086944,1.599623,-0.00219,0.000963,-0.119677
25.0,0.499155,-1.48363,0.543958,-0.099777,-0.002514,0.009326,-0.174966,0.086876,1.593593,-0.001376,-0.000469,-0.120543
25.05,0.494171,-1.483748,0.54442,-0.099673,-0.002355,0.009237,-0.174948,0.086896,1.587691,0.000403,-0.000379,-0.118021
25.1,0.48919,-1.483834,0.544877,-0.099633,-0.001711,0.009142,-0.175018,0.086952,1.582329,0.001139,0.001381,-0.107352
25.15,0.484215,-1.48389,0.545332,-0.099497,-0.001121,0.009108,-0.175015,0.087007,1.577693,0.0011,-7.9e-05,-0.092709
25.2,0.479236,-1.483922,0.545779,-0.099583,-0.000651,0.008932,-0.17497,0.087054,1.572889,0.000934,-0.000887,-0.096004
25.25,0.474246,-1.48391,0.546217,-0.099806,0.000241,0.008763,-0.174973,0.087036,1.567456,-0.000356,5.9e-05,-0.108671
25.3,0.469252,-1.483868,0.546652,-0.099871,0.000838,0.008709,-0.175005,0.086984,1.561714,-0.001054,0.000639,-0.114906
25.35,0.46426,-1.48382,0.547087,-0.099844,0.000957,0.008698,-0.175023,0.086949,1.555926,-0.000694,0.000346,-0.115779
25.4,0.459271,-1.48376,0.547519,-0.099768,0.001209,0.008632,-0.175001,0.086969,1.550423,0.000398,-0.000444,-0.110027
25.45,0.454287,-1.483661,0.547948,-0.099682,0.001974,0.008591,-0.175095,0.086971,1.545602,-1e-06,0.001878,-0.096587
25.5,0.449308,-1.483558,0.548375,-0.099584,0.002071,0.008527,-0.17499,0.086978,1.541144,0.000208,-0.002079,-0.088971
25.55,0.444325,-1.483409,0.548788,-0.099655,0.002974,0.008264,-0.17495,0.087029,1.53602,0.001031,-0.000776,-0.102415
25.6,0.439334,-1.483199,0.549193,-0.099835,0.004193,0.008098,-0.175001,0.086984,1.530084,-0.000929,0.001,-0.118812
25.65,0.434341,-1.482976,0.549597,-0.099844,0.004474,0.00808,-0.175038,0.08694,1.523989,-0.000916,0.000691,-0.121956
25.7,0.429352,-1.482749,0.549999,-0.099785,0.004527,0.008053,-0.175036,0.086937,1.517908,-5.8e-05,-4.3e-05,-0.121614
25.75,0.424367,-1.482499,0.550399,-0.099699,0.005004,0.007984,-0.175059,0.086959,1.512257,0.000429,0.000491,-0.113069
25.8,0.419388,-1.48222,0.550795,-0.099592,0.005594,0.007935,-0.175069,0.086957,1.507221,-5.5e-05,0.000184,-0.100723
25.85,0.414409,-1.481918,0.551183,-0.099565,0.006038,0.00776,-0.175028,0.086999,1.501959,0.000892,-0.000756,-0.105184
25.9,0.409426,-1.481563,0.551561,-0.099665,0.00709,0.007552,-0.175019,0.086993,1.49592,-0.000108,-0.000189,-0.120766
25.95,0.404439,-1.481163,0.551934,-0.099738,0.007998,0.007463,-0.175056,0.086919,1.489398,-0.001536,0.000624,-0.130493
26.0,0.399454,-1.480755,0.552306,-0.099715,0.008158,0.007432,-0.175056,0.086869,1.482759,-0.001001,-8.8e-05,-0.132783
26.05,0.394477,-1.480338,0.552672,-0.099537,0.008353,0.007326,-0.175014,0.08693,1.476335,0.001297,-0.000726,-0.128398
26.1,0.389504,-1.479878,0.553036,-0.099449,0.009201,0.007277,-0.175133,0.086944,1.470556,4.6e-05,0.002396,-0.115801
26.15,0.384537,-1.47941,0.553397,-0.099336,0.009362,0.007231,-0.175036,0.086924,1.465232,-0.000198,-0.001965,-0.106306
26.2,0.379574,-1.478893,0.553744,-0.09927,0.010322,0.006931,-0.174979,0.087,1.459186,0.001633,-0.000975,-0.120817
26.25,0.374605,-1.478303,0.55408,-0.099384,0.011816,0.006721,-0.17505,0.086952,1.452196,-0.001111,0.0013,-0.139935
26.3,0.369635,-1.477692,0.554414,-0.099387,0.012217,0.006682,-0.175068,0.086891,1.444935,-0.001256,0.000218,-0.145235
26.35,0.364668,-1.477077,0.554747,-0.099353,0.012299,0.006662,-0.175077,0.086856,1.43762,-0.000712,9.3e-05,-0.146317
26.4,0.359711,-1.476437,0.555074,-0.099128,0.012796,0.006542,-0.175098,0.086915,1.430797,0.001114,0.000562,-0.136503
26.45,0.354763,-1.475762,0.555399,-0.098964,0.013499,0.006497,-0.17508,0.086903,1.424755,-0.000204,-0.000392,-0.120809
26.5,0.34982,-1.475062,0.555715,-0.098855,0.014001,0.006312,-0.175048,0.086954,1.418506,0.001101,-0.000484,-0.12492
26.55,0.344879,-1.474299,0.556015,-0.098835,0.015264,0.006009,-0.175028,0.086993,1.411288,0.000838,-0.000259,-0.144331
26.6,0.339934,-1.473473,0.556309,-0.09889,0.016522,0.005883,-0.175087,0.086894,1.403291,-0.002149,0.000845,-0.160038
26.65,0.334994,-1.472636,0.556601,-0.098813,0.01674,0.005831,-0.175071,0.086846,1.395132,-0.000892,-0.000482,-0.163157
26.7,0.330062,-1.471788,0.556887,-0.098622,0.016952,0.005726,-0.175048,0.086906,1.387167,0.001266,-0.000243,-0.159254
26.75,0.325139,-1.470897,0.557171,-0.098471,0.017823,0.005674,-0.175184,0.086912,1.379898,-0.000367,0.002695,-0.145617
26.8,0.320225,-1.469995,0.557452,-0.098273,0.018039,0.005625,-0.175049,0.086881,1.373208,-0.000112,-0.002759,-0.133577
26.85,0.315322,-1.469036,0.557715,-0.09806,0.019172,0.005255,-0.174989,0.086981,1.365767,0.002194,-0.000783,-0.148712
26.9,0.31042,-1.467987,0.557964,-0.098051,0.020983,0.004984,-0.175077,0.086919,1.357148,-0.001552,0.001466,-0.172537
26.95,0.30552,-1.466905,0.558209,-0.097998,0.021644,0.004904,-0.175076,0.086829,1.348078,-0.001772,-0.000399,-0.1814
27.0,0.300623,-1.465815,0.558452,-0.097927,0.021794,0.004863,-0.175054,0.086781,1.338924,-0.000824,-0.000635,-0.183025
27.05,0.295744,-1.464699,0.558687,-0.097588,0.022329,0.0047,-0.175093,0.086879,1.330287,0.001724,0.001198,-0.172815
27.1,0.290877,-1.463541,0.558921,-0.097344,0.023151,0.004664,-0.1751,0.086857,1.32258,-0.000462,2.5e-05,-0.154158
27.15,0.286021,-1.462358,0.559145,-0.097122,0.023676,0.004488,-0.175048,0.086876,1.314883,0.000627,-0.000901,-0.153847
27.2,0.281178,-1.461098,0.559348,-0.096855,0.025191,0.004054,-0.17502,0.086966,1.306022,0.001865,-8.3e-05,-0.177174
27.25,0.276338,-1.45975,0.559541,-0.096796,0.026961,0.003863,-0.175106,0.086835,1.296095,-0.00296,0.000956,-0.198688
27.3,0.271503,-1.458385,0.559731,-0.096695,0.027299,0.003805,-0.175121,0.086729,1.285939,-0.002117,-0.000282,-0.203148
27.35,0.266684,-1.457013,0.559914,-0.096384,0.027433,0.003656,-0.175068,0.086819,1.275941,0.002014,-0.000515,-0.199869
27.4,0.261878,-1.455594,0.560093,-0.096119,0.028384,0.003585,-0.175219,0.08687,1.266732,0.000108,0.003193,-0.184434
27.45,0.257084,-1.454156,0.560271,-0.09589,0.028764,0.003558,-0.175085,0.086755,1.258402,-0.001407,-0.003246,-0.166368
27.5,0.252314,-1.452659,0.560426,-0.095403,0.029933,0.003103,-0.175003,0.086892,1.249286,0.003117,-0.000703,-0.182176
27.55,0.247559,-1.451054,0.560563,-0.095093,0.032107,0.002739,-0.175114,0.086881,1.238839,-0.000915,0.002009,-0.209136
27.6,0.24281,-1.449395,0.560695,-0.094987,0.033183,0.002646,-0.175185,0.086717,1.227742,-0.003553,0.000273,-0.222055
27.65,0.238069,-1.447729,0.560823,-0.094818,0.033326,0.002555,-0.175148,0.086643,1.216522,-0.001148,-0.001192,-0.224348
27.7,0.233353,-1.44604,0.56094,-0.094317,0.033777,0.002336,-0.175123,0.086808,1.205818,0.003261,0.00068,-0.214027
27.75,0.228651,-1.444296,0.561057,-0.09404,0.03487,0.002338,-0.175227,0.086756,1.1962,-0.001701,0.001578,-0.192538
27.8,0.223967,-1.442539,0.561166,-0.093684,0.035137,0.002174,-0.175114,0.086791,1.186731,0.001466,-0.001861,-0.189197
27.85,0.219315,-1.44069,0.561246,-0.093037,0.036977,0.00161,-0.175041,0.086903,1.176151,0.002631,-0.00049,-0.211465
27.9,0.214682,-1.43872,0.561313,-0.092649,0.039405,0.00133,-0.175206,0.086734,1.16424,-0.004395,0.001734,-0.238514
27.95,0.210066,-1.436731,0.561372,-0.092322,0.03979,0.001189,-0.175195,0.08666,1.152111,-0.001261,-0.000794,-0.242559
28.0,0.205461,-1.434732,0.561426,-0.0921,0.039978,0.001086,-0.175183,0.086702,1.140059,0.000861,0.000134,-0.241014
28.05,0.200879,-1.432691,0.561475,-0.091653,0.040811,0.000964,-0.175298,0.08679,1.128828,0.000649,0.002808,-0.224812
28.1,0.196315,-1.430626,0.561521,-0.091268,0.041311,0.000924,-0.175179,0.086771,1.118494,0.000654,-0.002303,-0.206486
28.15,0.191783,-1.428499,0.561545,-0.090642,0.042525,0.000491,-0.175135,0.086891,1.107573,0.002553,0.000258,-0.218343
28.2,0.187291,-1.426257,0.561545,-0.089842,0.044857,-1e-05,-0.175182,0.086882,1.095381,-0.000571,0.000756,-0.243915
28.25,0.18282,-1.423934,0.561537,-0.089424,0.046444,-0.000162,-0.175314,0.086672,1.082385,-0.004943,0.000426,-0.260148
28.3,0.178374,-1.421601,0.56152,-0.088917,0.046667,-0.000343,-0.175289,0.08669,1.069366,0.000541,-0.000279,-0.260342
28.35,0.173945,-1.419253,0.561494,-0.088574,0.046961,-0.00052,-0.175217,0.086832,1.056714,0.003174,0.000107,-0.252922
28.4,0.169534,-1.416847,0.561468,-0.088236,0.048122,-0.000506,-0.175338,0.086724,1.045178,-0.003053,0.001043,-0.230918
28.45,0.165139,-1.41444,0.561438,-0.087893,0.048143,-0.000605,-0.175199,0.086718,1.033866,0.00128,-0.002459,-0.226001
28.5,0.160807,-1.411935,0.561373,-0.086647,0.050093,-0.001302,-0.175098,0.086894,1.021431,0.004053,6.3e-05,-0.248531
28.55,0.156528,-1.409274,0.561287,-0.085564,0.053225,-0.001718,-0.175349,0.086723,1.007622,-0.005523,0.002473,-0.276606
28.6,0.152281,-1.406591,0.561191,-0.084944,0.053656,-0.001915,-0.175367,0.086702,0.993617,-0.000551,8.7e-05,-0.280137
28.65,0.148043,-1.403901,0.561092,-0.084771,0.0538,-0.001991,-0.175345,0.086742,0.979632,0.000909,7.8e-05,-0.279667
28.7,0.143824,-1.401174,0.560987,-0.084363,0.054544,-0.002106,-0.175435,0.086762,0.966407,-0.00066,0.001695,-0.264659
28.75,0.139628,-1.398421,0.560879,-0.083933,0.055049,-0.002144,-0.17534,0.086666,0.95405,-0.000505,-0.002634,-0.246976
28.8,0.135479,-1.395621,0.56075,-0.082979,0.056002,-0.002593,-0.175221,0.086804,0.941267,0.003624,-0.000341,-0.255442
28.85,0.131409,-1.392683,0.56059,-0.081394,0.058758,-0.003192,-0.175333,0.086833,0.927515,-0.000839,0.002139,-0.275241
28.9,0.127398,-1.38965,0.560415,-0.080225,0.060669,-0.003511,-0.175444,0.086709,0.913054,-0.003314,0.000288,-0.289409
28.95,0.123409,-1.3866,0.560232,-0.079786,0.060992,-0.003658,-0.175413,0.086644,0.898555,-0.00066,-0.001285,-0.289927
29.0,0.119445,-1.383542,0.560038,-0.079275,0.061175,-0.003865,-0.175323,0.08682,0.884308,0.00387,0.000784,-0.284776
29.05,0.115499,-1.380421,0.559846,-0.078915,0.062401,-0.003838,-0.175595,0.086745,0.871048,-0.004597,0.003244,-0.265675
29.1,0.111564,-1.377317,0.55965,-0.078709,0.062097,-0.003926,-0.175363,0.086631,0.858149,0.001242,-0.004995,-0.25758
29.15,0.107723,-1.374119,0.559419,-0.076806,0.063959,-0.004622,-0.175233,0.086839,0.844618,0.004838,0.000746,-0.270394
29.2,0.103979,-1.370759,0.559164,-0.074887,0.067185,-0.005103,-0.175551,0.086742,0.830256,-0.005662,0.003459,-0.2878
29.25,0.100276,-1.367377,0.558897,-0.074062,0.067654,-0.005343,-0.175524,0.086663,0.815825,-0.0008,-0.001461,-0.288561
29.3,0.096581,-1.363985,0.558627,-0.073902,0.067842,-0.005395,-0.175495,0.086607,0.801341,-0.000419,-0.001187,-0.289641
29.35,0.092926,-1.360567,0.558346,-0.073101,0.068361,-0.005623,-0.175501,0.086798,0.78752,0.002656,0.002744,-0.276425
29.4,0.089284,-1.357114,0.558066,-0.072843,0.069052,-0.00559,-0.175502,0.086655,0.774645,-0.002046,-0.002012,-0.257494
29.45,0.085685,-1.353634,0.557771,-0.071976,0.069606,-0.005916,-0.175402,0.086651,0.761581,0.001367,-0.00145,-0.261115
29.5,0.082208,-1.350045,0.55744,-0.069531,0.071772,-0.006605,-0.175414,0.086857,0.747788,0.002681,0.003139,-0.275879
29.55,0.078808,-1.346351,0.557094,-0.067995,0.073877,-0.006918,-0.175639,0.086799,0.733307,-0.004071,0.002207,-0.290012
29.6,0.075433,-1.342648,0.556742,-0.067501,0.074058,-0.007054,-0.175637,0.086737,0.718795,-0.000794,-0.000945,-0.290232
29.65,0.072082,-1.338943,0.556381,-0.067022,0.074114,-0.007222,-0.17552,0.086868,0.704484,0.00347,0.000434,-0.286025
29.7,0.068755,-1.335184,0.556021,-0.066553,0.07518,-0.007194,-0.175778,0.086806,0.691052,-0.004718,0.002381,-0.269091
29.75,0.065431,-1.331439,0.555657,-0.066477,0.074892,-0.007282,-0.175567,0.086629,0.677979,0.00098,-0.005416,-0.261095
29.8,0.062217,-1.327622,0.555262,-0.06428,0.076336,-0.007888,-0.175442,0.086799,0.664546,0.004083,0.001094,-0.268442
29.85,0.059137,-1.323669,0.554842,-0.061606,0.079068,-0.008406,-0.175736,0.086858,0.650476,-0.003894,0.004541,-0.281893
29.9,0.056108,-1.319685,0.55441,-0.06058,0.079678,-0.00865,-0.175742,0.086763,0.636285,-0.001246,-0.001443,-0.283848
29.95,0.053093,-1.315692,0.553974,-0.060288,0.079855,-0.008721,-0.175711,0.086684,0.622088,-0.000437,-0.001633,-0.283881
30.0,0.050118,-1.311689,0.553527,-0.059497,0.080071,-0.008938,-0.175623,0.086868,0.608399,0.003559,0.001966,-0.273622
30.05,0.047161,-1.307642,0.553082,-0.059142,0.080932,-0.008887,-0.175764,0.086749,0.595622,-0.003658,-0.00034,-0.255789
30.1,0.044236,-1.303592,0.552627,-0.058496,0.08101,-0.00911,-0.175651,0.086675,0.582867,0.00103,-0.00248,-0.254911
30.15,0.041449,-1.299463,0.552141,-0.055746,0.082567,-0.009718,-0.175613,0.086884,0.569845,0.002941,0.00306,-0.260369
30.2,0.038768,-1.295236,0.551639,-0.05363,0.084542,-0.01004,-0.175862,0.086849,0.556559,-0.004559,0.002098,-0.266147
30.25,0.036116,-1.291007,0.551129,-0.053037,0.084575,-0.010206,-0.175821,0.08676,0.543361,-0.000252,-0.001949,-0.26389
30.3,0.033486,-1.286774,0.550612,-0.052588,0.084661,-0.01033,-0.175737,0.086823,0.530359,0.002076,0.000211,-0.259902
30.35,0.030888,-1.282511,0.550093,-0.051964,0.085258,-0.010382,-0.175859,0.086918,0.51799,-0.001122,0.00287,-0.247583
30.4,0.028295,-1.278242,0.549573,-0.051864,0.085387,-0.010398,-0.175804,0.086729,0.506204,-0.000913,-0.003824,-0.235619
30.45,0.025794,-1.27394,0.549032,-0.050009,0.086038,-0.01083,-0.175682,0.086838,0.494247,0.003167,0.000725,-0.238937
30.5,0.023434,-1.269554,0.548467,-0.047203,0.087717,-0.011298,-0.175771,0.087005,0.482051,3.5e-05,0.003778,-0.244075
30.55,0.021129,-1.265125,0.547894,-0.046099,0.088591,-0.011451,-0.175933,0.086951,0.469738,-0.003363,0.000545,-0.246537
30.6,0.01884,-1.260698,0.547317,-0.045785,0.088542,-0.011541,-0.175918,0.08687,0.457456,-0.000469,-0.00159,-0.245611
30.65,0.016583,-1.256272,0.546732,-0.045145,0.088519,-0.011705,-0.175767,0.086982,0.44555,0.003681,0.000692,-0.237854
30.7,0.01435,-1.251802,0.546149,-0.044657,0.089401,-0.011659,-0.175993,0.086909,0.434485,-0.00468,0.000631,-0.221708
30.75,0.012133,-1.247343,0.545559,-0.044347,0.089178,-0.011803,-0.175879,0.086786,0.423528,0.001028,-0.003197,-0.218927
30.8,0.010042,-1.242841,0.544945,-0.041809,0.090033,-0.012276,-0.175759,0.086951,0.412369,0.003531,0.002036,-0.222987
30.85,0.008073,-1.238261,0.544316,-0.039385,0.091596,-0.012581,-0.17597,0.087028,0.40101,-0.003243,0.00308,-0.227537
30.9,0.006128,-1.233679,0.543682,-0.038896,0.091645,-0.012685,-0.176006,0.086965,0.389705,-0.001145,-0.00087,-0.22616
30.95,0.004199,-1.2291,0.543043,-0.038592,0.091579,-0.012769,-0.175933,0.08697,0.378522,0.001388,-0.000474,-0.223548
31.0,0.002299,-1.224507,0.542402,-0.038002,0.091868,-0.012834,-0.175946,0.087056,0.367828,0.000381,0.001697,-0.213894
31.05,0.00041,-1.219896,0.54176,-0.037769,0.09222,-0.012828,-0.176011,0.0869,0.357764,-0.002314,-0.00244,-0.201384
31.1,-0.001409,-1.215278,0.541104,-0.036376,0.092343,-0.013128,-0.175897,0.086968,0.347585,0.002589,0.000473,-0.203387
31.15,-0.003102,-1.210616,0.54043,-0.033865,0.093247,-0.013487,-0.17587,0.087113,0.337298,0.001498,0.002541,-0.205694
31.2,-0.004731,-1.205912,0.539749,-0.03258,0.09408,-0.01362,-0.17604,0.087112,0.326919,-0.003191,0.001114,-0.207869
31.25,-0.006344,-1.201212,0.539064,-0.032263,0.094006,-0.013696,-0.176058,0.087042,0.316613,-0.000794,-0.001216,-0.206162
31.3,-0.007934,-1.196521,0.538373,-0.031804,0.093823,-0.013817,-0.175889,0.087097,0.306551,0.003532,6e-06,-0.200943
31.35,-0.009496,-1.191795,0.537683,-0.031242,0.094503,-0.013789,-0.176077,0.087101,0.297157,-0.003532,0.001198,-0.188208
31.4,-0.011057,-1.187077,0.536991,-0.03121,0.094361,-0.013846,-0.176065,0.086974,0.287943,-0.000529,-0.002487,-0.184252
31.45,-0.012511,-1.182348,0.536281,-0.029092,0.094597,-0.014206,-0.175893,0.087064,0.278643,0.00381,0.00075,-0.185703
31.5,-0.013843,-1.177562,0.535558,-0.026626,0.095708,-0.01446,-0.176042,0.087173,0.269262,-0.002258,0.002906,-0.187893
31.55,-0.015153,-1.172776,0.534831,-0.026196,0.095726,-0.014543,-0.176068,0.087127,0.259928,-0.000741,-0.000747,-0.186723
31.6,-0.016452,-1.167989,0.534102,-0.025994,0.095735,-0.014575,-0.176072,0.087115,0.250652,-0.000156,-0.000217,-0.18553
31.65,-0.017726,-1.163204,0.533369,-0.025482,0.095703,-0.014657,-0.175999,0.087176,0.24178,0.00172,0.000829,-0.177308
31.7,-0.018985,-1.158398,0.532637,-0.025175,0.096114,-0.014642,-0.176099,0.087092,0.233448,-0.002334,-0.001155,-0.166818
31.75,-0.020197,-1.153596,0.531896,-0.024236,0.096045,-0.01482,-0.176035,0.087109,0.225111,0.001307,3.1e-05,-0.166625
31.8,-0.021305,-1.148777,0.531141,-0.022154,0.096374,-0.015097,-0.175936,0.087211,0.216744,0.002398,0.001556,-0.16717
31.85,-0.022345,-1.143924,0.530381,-0.020803,0.09706,-0.015199,-0.176089,0.087264,0.208303,-0.00276,0.001681,-0.169088
31.9,-0.023373,-1.139076,0.529618,-0.020562,0.096974,-0.015262,-0.176112,0.087215,0.199896,-0.000649,-0.000865,-0.16818
31.95,-0.024385,-1.134237,0.528851,-0.020232,0.096781,-0.015338,-0.175986,0.087234,0.191689,0.002526,-0.000128,-0.163913
32.0,-0.02537,-1.129379,0.528084,-0.019716,0.097152,-0.015337,-0.176064,0.087256,0.183991,-0.001439,0.000738,-0.154099
32.05,-0.026353,-1.124517,0.527317,-0.019651,0.097243,-0.015349,-0.176135,0.087146,0.17656,-0.00179,-0.001915,-0.148741
32.1,-0.027258,-1.119662,0.526537,-0.018095,0.097102,-0.015605,-0.17598,0.087199,0.169054,0.003232,0.000517,-0.149841
32.15,-0.028059,-1.114778,0.525747,-0.016031,0.097671,-0.015793,-0.17602,0.087296,0.161522,-0.000453,0.002042,-0.150711
32.2,-0.028835,-1.109884,0.524955,-0.015512,0.097884,-0.015837,-0.176122,0.08731,0.15399,-0.001962,0.000598,-0.150827
32.25,-0.029607,-1.104993,0.524162,-0.015438,0.097816,-0.015866,-0.176148,0.087277,0.146453,-0.000616,-0.000572,-0.150793
32.3,-0.030357,-1.100112,0.523365,-0.015004,0.097626,-0.015945,-0.176029,0.087296,0.139278,0.002401,3.4e-05,-0.14329
32.35,-0.031086,-1.095207,0.522569,-0.014582,0.098092,-0.015917,-0.176171,0.087241,0.132652,-0.002955,-0.000691,-0.13277
32.4,-0.031789,-1.090315,0.521767,-0.014064,0.097847,-0.016038,-0.176108,0.087232,0.125979,0.00122,-0.000349,-0.133343
32.45,-0.03241,-1.08542,0.520955,-0.012422,0.0979,-0.016233,-0.175984,0.087306,0.119275,0.002639,0.001152,-0.133854
32.5,-0.032967,-1.080503,0.520139,-0.011131,0.098335,-0.016318,-0.176066,0.087374,0.112498,-0.00146,0.001545,-0.135701
32.55,-0.033512,-1.075586,0.519322,-0.010907,0.098339,-0.016352,-0.176112,0.087365,0.10573,-0.000944,-8.1e-05,-0.135429
32.6,-0.034048,-1.070679,0.518502,-0.01071,0.098148,-0.016402,-0.176027,0.087367,0.099105,0.001702,-0.000125,-0.132361
32.65,-0.034562,-1.065763,0.517681,-0.010286,0.098318,-0.016415,-0.176038,0.087388,0.092857,-0.000188,0.000426,-0.124972
32.7,-0.035068,-1.060834,0.516861,-0.010121,0.09858,-0.016401,-0.176181,0.087308,0.086936,-0.002981,-0.001319,-0.118679
32.75,-0.035522,-1.055923,0.516031,-0.009074,0.098213,-0.016589,-0.176038,0.087322,0.080873,0.002855,2.3e-05,-0.121012
32.8,-0.035894,-1.051001,0.515195,-0.007444,0.098437,-0.016726,-0.175996,0.087406,0.074653,0.000971,0.001608,-0.12432
32.85,-0.036237,-1.046069,0.514357,-0.00686,0.098645,-0.016754,-0.17607,0.087444,0.068393,-0.001401,0.000879,-0.125322
32.9,-0.036575,-1.041137,0.513519,-0.006768,0.09864,-0.016771,-0.176118,0.087448,0.062113,-0.00096,0.000132,-0.125697
32.95,-0.036901,-1.036216,0.512677,-0.006506,0.098419,-0.01683,-0.176013,0.087439,0.056091,0.002083,-0.000295,-0.120254
33.0,-0.037205,-1.031277,0.511837,-0.006081,0.098787,-0.016807,-0.176142,0.087416,0.050519,-0.002597,-0.000319,-0.111654
33.05,-0.037493,-1.026344,0.510993,-0.005769,0.098648,-0.016876,-0.176154,0.087368,0.045004,-0.000284,-0.000942,-0.11033
33.1,-0.037715,-1.021422,0.510141,-0.004436,0.098439,-0.017038,-0.176015,0.087407,0.039372,0.0028,0.000645,-0.112395
33.15,-0.037872,-1.016486,0.509286,-0.003144,0.098721,-0.017113,-0.176055,0.08747,0.03364,-0.000746,0.001291,-0.114702
33.2,-0.038017,-1.011547,0.508429,-0.002892,0.098791,-0.01713,-0.176127,0.087497,0.027899,-0.001406,0.000578,-0.114949
33.25,-0.038157,-1.006617,0.507571,-0.002803,0.098593,-0.017171,-0.176064,0.08748,0.022249,0.001246,-0.000364,-0.112887
33.3,-0.038279,-1.001687,0.506711,-0.002447,0.098604,-0.017193,-0.176016,0.087488,0.016906,0.000947,0.00014,-0.106771
33.35,-0.038388,-0.996741,0.505853,-0.002184,0.098921,-0.017168,-0.176166,0.087453,0.011892,-0.003,-0.000656,-0.100556
33.4,-0.038464,-0.991814,0.504988,-0.001506,0.098549,-0.017297,-0.176065,0.087442,0.006731,0.002016,-0.00025,-0.10304
33.45,-0.038476,-0.986885,0.504118,-0.000245,0.098562,-0.017399,-0.175989,0.087492,0.001321,0.001529,0.001005,-0.108062
33.5,-0.038457,-0.981949,0.503247,0.00037,0.098718,-0.017423,-0.176029,0.08754,-0.004207,-0.000794,0.000958,-0.110626
